word,count,percentage,pos
the,4377,8.6737,other
a,2176,4.3121,other
of,1977,3.9177,other
and,1758,3.4837,other
is,1223,2.4236,verb
to,958,1.8984,other
in,930,1.8429,other
with,914,1.8112,other
that,617,1.2227,other
s,538,1.0661,noun
or,492,0.975,other
on,483,0.9571,other
her,458,0.9076,other
be,402,0.7966,verb
style,368,0.7292,noun
which,361,0.7154,other
are,356,0.7055,verb
image,349,0.6916,noun
an,334,0.6619,other
by,331,0.6559,other
artwork,312,0.6183,noun
as,283,0.5608,other
art,282,0.5588,noun
this,276,0.5469,other
painting,275,0.545,noun
color,240,0.4756,noun
colors,228,0.4518,noun
background,224,0.4439,noun
appears,212,0.4201,verb
scene,204,0.4043,noun
depicts,198,0.3924,noun
woman,197,0.3904,noun
she,197,0.3904,other
it,184,0.3646,other
its,183,0.3626,other
sense,180,0.3567,noun
light,175,0.3468,adj
figure,174,0.3448,noun
overall,170,0.3369,adj
there,170,0.3369,other
from,168,0.3329,other
for,166,0.329,other
use,162,0.321,noun
features,160,0.3171,verb
characteristic,144,0.2854,adj
has,136,0.2695,verb
his,129,0.2556,other
at,128,0.2537,other
artist,125,0.2477,adj
what,122,0.2418,other
suggesting,119,0.2358,verb
one,112,0.2219,other
characterized,110,0.218,verb
life,109,0.216,noun
visible,107,0.212,adj
bold,107,0.212,noun
composition,104,0.2061,noun
tones,101,0.2001,noun
right,100,0.1982,adj
palette,99,0.1962,noun
figures,98,0.1942,noun
vibrant,98,0.1942,adj
impressionist,95,0.1883,adj
subject,94,0.1863,noun
piece,92,0.1823,noun
typical,91,0.1803,adj
often,91,0.1803,adv
lines,90,0.1783,noun
their,90,0.1783,other
movement,89,0.1764,noun
attire,89,0.1764,noun
hair,88,0.1744,noun
setting,88,0.1744,verb
elements,88,0.1744,noun
blue,88,0.1744,noun
deco,83,0.1645,adj
dress,82,0.1625,noun
known,82,0.1625,verb
suggests,81,0.1605,verb
soft,81,0.1605,adj
left,81,0.1605,verb
work,80,0.1585,verb
depth,78,0.1546,noun
face,78,0.1546,noun
white,77,0.1526,adj
seated,76,0.1506,verb
detail,76,0.1506,noun
red,76,0.1506,verb
side,76,0.1506,noun
wearing,75,0.1486,verb
brushstrokes,75,0.1486,noun
also,74,0.1466,adv
expression,74,0.1466,noun
was,74,0.1466,verb
depicted,74,0.1466,verb
rendered,73,0.1447,verb
other,73,0.1447,adj
loose,73,0.1447,adj
dressed,71,0.1407,adj
possibly,71,0.1407,adv
attention,70,0.1387,noun
could,69,0.1367,other
seems,69,0.1367,verb
within,69,0.1367,other
form,68,0.1348,noun
adding,68,0.1348,verb
central,68,0.1348,adj
two,68,0.1348,other
warm,67,0.1328,adj
focus,67,0.1328,noun
title,67,0.1328,noun
child,67,0.1328,noun
portrait,66,0.1308,noun
not,66,0.1308,adv
used,66,0.1308,verb
viewer,65,0.1288,adj
shapes,65,0.1288,noun
creating,64,0.1268,verb
like,62,0.1229,other
captures,60,0.1189,verb
titled,60,0.1189,verb
against,60,0.1189,other
adds,59,0.1169,verb
atmosphere,59,0.1169,adj
moment,59,0.1169,noun
around,58,0.1149,other
genre,58,0.1149,noun
flowers,58,0.1149,noun
impressionism,58,0.1149,adj
dark,58,0.1149,noun
emphasis,57,0.113,noun
towards,57,0.113,noun
young,57,0.113,adj
might,56,0.111,other
contrast,56,0.111,noun
such,56,0.111,adj
representation,55,0.109,noun
details,55,0.109,noun
adorned,54,0.107,verb
forms,54,0.107,noun
serene,54,0.107,noun
clothing,53,0.105,verb
period,53,0.105,noun
he,53,0.105,other
but,52,0.103,other
you,52,0.103,other
through,52,0.103,other
over,51,0.1011,other
quality,51,0.1011,noun
simple,50,0.0991,adj
head,50,0.0991,verb
suggest,50,0.0991,verb
while,50,0.0991,other
abstract,49,0.0971,adj
nature,49,0.0971,noun
indicating,49,0.0971,verb
shadow,49,0.0971,noun
girl,49,0.0971,noun
small,47,0.0931,adj
post,47,0.0931,noun
signature,47,0.0931,noun
mary,47,0.0931,adj
ve,46,0.0912,verb
green,46,0.0912,adj
bright,46,0.0912,verb
corner,46,0.0912,noun
water,45,0.0892,noun
capturing,45,0.0892,verb
yellow,45,0.0892,adj
includes,45,0.0892,verb
mood,45,0.0892,noun
body,44,0.0872,noun
stylized,44,0.0872,adj
than,44,0.0872,other
between,44,0.0872,other
they,44,0.0872,other
hues,43,0.0852,noun
who,43,0.0852,other
cassatt,43,0.0852,adj
both,42,0.0832,other
three,42,0.0832,other
rather,42,0.0832,adv
associated,42,0.0832,verb
provided,41,0.0812,verb
out,41,0.0812,adv
hat,41,0.0812,other
sky,41,0.0812,noun
various,41,0.0812,adj
where,41,0.0812,other
pop,41,0.0812,noun
into,40,0.0793,other
large,40,0.0793,adj
another,40,0.0793,other
perhaps,39,0.0773,adv
dynamic,39,0.0773,adj
filled,39,0.0773,verb
matisse,39,0.0773,noun
create,38,0.0753,noun
realistic,38,0.0753,adj
looking,38,0.0753,verb
giving,37,0.0733,verb
human,37,0.0733,adj
natural,37,0.0733,adj
created,37,0.0733,verb
traditional,37,0.0733,adj
can,37,0.0733,other
holds,36,0.0713,verb
hand,36,0.0713,noun
these,36,0.0713,other
reminiscent,36,0.0713,adj
classical,36,0.0713,adj
flat,36,0.0713,adj
warhol,36,0.0713,noun
patterns,35,0.0694,noun
essence,35,0.0694,noun
works,35,0.0694,noun
subjects,35,0.0694,noun
still,35,0.0694,adv
some,35,0.0694,other
geometric,34,0.0674,noun
slightly,34,0.0674,adv
quiet,34,0.0674,adj
rich,34,0.0674,adj
renaissance,34,0.0674,noun
table,34,0.0674,adj
subtle,33,0.0654,adj
more,33,0.0654,adj
effect,33,0.0654,noun
gives,33,0.0654,verb
time,33,0.0654,noun
during,33,0.0654,other
them,33,0.0654,other
technique,33,0.0654,noun
long,32,0.0634,adv
muted,32,0.0634,verb
featuring,32,0.0634,noun
providing,32,0.0634,verb
man,32,0.0634,noun
brushwork,32,0.0634,noun
along,32,0.0634,other
early,32,0.0634,adj
top,31,0.0614,adj
standing,31,0.0614,verb
stands,31,0.0614,noun
behind,31,0.0614,other
indicative,31,0.0614,adj
context,31,0.0614,noun
intricate,30,0.0594,adj
striking,30,0.0594,verb
yet,30,0.0594,other
texture,30,0.0594,noun
bottom,30,0.0594,noun
high,30,0.0594,adj
common,30,0.0594,adj
pose,30,0.0594,adj
wears,30,0.0594,verb
emphasizes,30,0.0594,adj
picasso,30,0.0594,noun
chair,29,0.0575,noun
evident,29,0.0575,verb
clear,29,0.0575,adj
landscape,29,0.0575,adv
contributing,29,0.0575,verb
room,29,0.0575,noun
portrays,28,0.0555,verb
painted,28,0.0555,verb
elegance,28,0.0555,noun
way,28,0.0555,noun
clean,28,0.0555,adj
part,28,0.0555,noun
further,28,0.0555,adj
space,28,0.0555,noun
colored,28,0.0555,verb
pastel,28,0.0555,noun
including,28,0.0555,verb
emphasizing,28,0.0555,verb
gentle,28,0.0555,adj
architectural,27,0.0535,adj
give,27,0.0535,verb
indicated,27,0.0535,verb
well,27,0.0535,adv
likely,27,0.0535,adj
facial,27,0.0535,adj
lighting,27,0.0535,verb
holding,27,0.0535,verb
depiction,27,0.0535,noun
capture,27,0.0535,noun
expressionist,26,0.0515,noun
objects,26,0.0515,verb
detailed,26,0.0515,verb
may,26,0.0515,other
contrasts,26,0.0515,noun
women,26,0.0515,noun
element,26,0.0515,adj
artistic,25,0.0495,adj
impression,25,0.0495,noun
contemplation,25,0.0495,noun
turned,25,0.0495,verb
subdued,25,0.0495,verb
simplicity,25,0.0495,noun
strong,25,0.0495,adj
without,25,0.0495,other
frame,25,0.0495,noun
beach,25,0.0495,noun
flowing,24,0.0476,verb
interpreted,24,0.0476,verb
no,24,0.0476,other
dominated,24,0.0476,verb
focusing,24,0.0476,verb
contrasting,24,0.0476,verb
shades,24,0.0476,noun
structure,24,0.0476,noun
creates,24,0.0476,noun
collar,24,0.0476,noun
dramatic,24,0.0476,adj
historical,24,0.0476,adj
center,24,0.0476,noun
manner,24,0.0476,adv
above,24,0.0476,other
presence,24,0.0476,noun
styled,24,0.0476,verb
impressionistic,24,0.0476,adj
henri,24,0.0476,noun
emotion,23,0.0456,noun
garment,23,0.0456,noun
hands,23,0.0456,noun
earth,23,0.0456,noun
aesthetic,23,0.0456,adj
foliage,23,0.0456,noun
visual,23,0.0456,adj
fruit,23,0.0456,verb
outlines,23,0.0456,noun
foreground,23,0.0456,verb
house,23,0.0456,noun
blues,23,0.0456,noun
de,23,0.0456,other
contemplative,23,0.0456,adj
interplay,23,0.0456,noun
perspective,23,0.0456,noun
andy,23,0.0456,adj
distinctive,22,0.0436,adj
pattern,22,0.0436,noun
convey,22,0.0436,adj
darker,22,0.0436,noun
dominating,22,0.0436,verb
lower,22,0.0436,adj
trees,22,0.0436,noun
profile,22,0.0436,noun
resting,22,0.0436,verb
lempicka,22,0.0436,other
sitting,22,0.0436,verb
draped,22,0.0436,verb
everyday,22,0.0436,adj
shows,22,0.0436,verb
cezanne,22,0.0436,noun
elegant,21,0.0416,adj
appearance,21,0.0416,noun
approach,21,0.0416,noun
matter,21,0.0416,noun
up,21,0.0416,adv
floral,21,0.0416,adj
appear,21,0.0416,verb
seen,21,0.0416,verb
reflecting,21,0.0416,verb
gaze,21,0.0416,noun
person,21,0.0416,noun
open,21,0.0416,adj
lace,21,0.0416,noun
elongated,20,0.0396,verb
tranquility,20,0.0396,noun
focused,20,0.0396,verb
due,20,0.0396,adj
surface,20,0.0396,noun
across,20,0.0396,other
fruits,20,0.0396,noun
each,20,0.0396,other
backdrop,20,0.0396,noun
beauty,20,0.0396,noun
prominent,20,0.0396,adj
scenes,20,0.0396,noun
era,20,0.0396,noun
back,20,0.0396,adv
about,20,0.0396,other
domestic,20,0.0396,adj
paul,20,0.0396,noun
expressive,20,0.0396,verb
black,19,0.0377,adj
emotional,19,0.0377,adj
reflects,19,0.0377,verb
ukiyo,19,0.0377,adj
e,19,0.0377,noun
near,19,0.0377,other
areas,19,0.0377,noun
being,19,0.0377,verb
fabric,19,0.0377,adj
tamara,19,0.0377,noun
intimate,19,0.0377,adj
add,19,0.0377,noun
something,19,0.0377,noun
window,19,0.0377,noun
lush,19,0.0377,noun
if,19,0.0377,other
boats,19,0.0377,noun
particular,18,0.0357,adj
individual,18,0.0357,adj
minimalistic,18,0.0357,adj
pink,18,0.0357,verb
surrounding,18,0.0357,verb
japanese,18,0.0357,noun
shading,18,0.0357,verb
peaceful,18,0.0357,noun
executed,18,0.0357,verb
particularly,18,0.0357,adv
posture,18,0.0357,adj
captured,18,0.0357,verb
interior,18,0.0357,adj
fashion,18,0.0357,noun
relaxed,18,0.0357,adj
reds,18,0.0357,verb
shown,18,0.0357,verb
bowl,18,0.0357,verb
realism,18,0.0357,noun
have,18,0.0357,verb
text,18,0.0357,adj
sea,18,0.0357,noun
naïve,18,0.0357,adj
sophistication,17,0.0337,noun
enhancing,17,0.0337,verb
decorative,17,0.0337,adj
simplified,17,0.0337,verb
see,17,0.0337,verb
theme,17,0.0337,noun
somewhat,17,0.0337,adv
textures,17,0.0337,noun
suggested,17,0.0337,adj
religious,17,0.0337,adj
contribute,17,0.0337,adj
us,17,0.0337,other
vivid,17,0.0337,adj
arms,17,0.0337,noun
limited,17,0.0337,adj
mother,17,0.0337,noun
tranquil,17,0.0337,adj
horse,17,0.0337,noun
pablo,17,0.0337,noun
character,16,0.0317,noun
similar,16,0.0317,adj
lap,16,0.0317,adj
ability,16,0.0317,noun
shoulders,16,0.0317,noun
under,16,0.0317,other
almost,16,0.0317,adv
drawing,16,0.0317,verb
next,16,0.0317,adj
greens,16,0.0317,noun
arm,16,0.0317,noun
wall,16,0.0317,other
evoke,16,0.0317,verb
engaged,16,0.0317,verb
outdoor,16,0.0317,adj
most,16,0.0317,adj
garden,16,0.0317,verb
ballet,16,0.0317,noun
van,16,0.0317,noun
gogh,16,0.0317,noun
eyes,15,0.0297,noun
skin,15,0.0297,adj
hints,15,0.0297,noun
flower,15,0.0297,noun
surroundings,15,0.0297,noun
play,15,0.0297,noun
given,15,0.0297,verb
directed,15,0.0297,verb
late,15,0.0297,adj
children,15,0.0297,noun
narrative,15,0.0297,adj
portraiture,15,0.0297,noun
here,15,0.0297,adv
themes,15,0.0297,adv
gently,15,0.0297,adv
yellows,15,0.0297,verb
upper,15,0.0297,adj
highlights,15,0.0297,noun
design,15,0.0297,noun
view,15,0.0297,noun
vase,15,0.0297,noun
book,15,0.0297,noun
been,15,0.0297,verb
building,15,0.0297,noun
chagall,15,0.0297,noun
tender,15,0.0297,noun
iconic,15,0.0297,adj
female,14,0.0277,adj
nude,14,0.0277,adv
intensity,14,0.0277,noun
represent,14,0.0277,verb
additional,14,0.0277,adj
ground,14,0.0277,noun
paintings,14,0.0277,noun
signed,14,0.0277,verb
itself,14,0.0277,other
would,14,0.0277,other
positioned,14,0.0277,verb
styles,14,0.0277,noun
when,14,0.0277,other
lighter,14,0.0277,adv
provide,14,0.0277,verb
off,14,0.0277,adv
effects,14,0.0277,noun
fine,14,0.0277,adj
dimensional,14,0.0277,adj
solid,14,0.0277,adj
different,14,0.0277,adj
culture,14,0.0277,noun
named,13,0.0258,verb
painter,13,0.0258,noun
predominantly,13,0.0258,adv
significant,13,0.0258,adj
line,13,0.0258,noun
does,13,0.0258,verb
dimensionality,13,0.0258,noun
consistent,13,0.0258,adj
full,13,0.0258,adj
prominently,13,0.0258,adv
several,13,0.0258,adj
either,13,0.0258,other
drapery,13,0.0258,adj
depicting,13,0.0258,verb
directly,13,0.0258,adv
facing,13,0.0258,verb
introspection,13,0.0258,noun
conveys,13,0.0258,noun
fleeting,13,0.0258,verb
shadows,13,0.0258,verb
bench,13,0.0258,noun
front,13,0.0258,adj
throughout,13,0.0258,other
greenery,13,0.0258,noun
touch,13,0.0258,adj
fluid,13,0.0258,noun
feel,12,0.0238,noun
just,12,0.0238,adv
indeed,12,0.0238,adv
we,12,0.0238,other
quite,12,0.0238,adv
viewers,12,0.0238,noun
falls,12,0.0238,noun
focuses,12,0.0238,verb
architecture,12,0.0238,noun
shape,12,0.0238,noun
set,12,0.0238,verb
allowing,12,0.0238,verb
calm,12,0.0238,verb
level,12,0.0238,adj
folds,12,0.0238,noun
innocence,12,0.0238,verb
artists,12,0.0238,noun
status,12,0.0238,noun
area,12,0.0238,noun
st,12,0.0238,noun
all,12,0.0238,other
clouds,12,0.0238,adj
down,12,0.0238,adv
placed,12,0.0238,verb
hint,12,0.0238,noun
motion,12,0.0238,noun
waves,12,0.0238,noun
gazes,12,0.0238,verb
popular,12,0.0238,adj
outside,12,0.0238,adj
sleeves,12,0.0238,verb
away,12,0.0238,adv
cut,12,0.0238,noun
influence,12,0.0238,noun
specific,12,0.0238,adj
unique,12,0.0238,adj
cubist,12,0.0238,verb
distinct,12,0.0238,adj
degas,12,0.0238,noun
grid,12,0.0238,noun
orange,11,0.0218,verb
leaves,11,0.0218,verb
exudes,11,0.0218,other
done,11,0.0218,verb
feature,11,0.0218,adj
portraits,11,0.0218,noun
showcases,11,0.0218,noun
expressionism,11,0.0218,noun
contributes,11,0.0218,verb
despite,11,0.0218,other
purple,11,0.0218,adj
close,11,0.0218,verb
hokusai,11,0.0218,noun
representing,11,0.0218,verb
boat,11,0.0218,noun
enhances,11,0.0218,noun
showcasing,11,0.0218,verb
deep,11,0.0218,adj
certain,11,0.0218,adj
strokes,11,0.0218,noun
many,11,0.0218,adj
family,11,0.0218,noun
symmetry,11,0.0218,verb
aligns,11,0.0218,verb
modernity,11,0.0218,noun
formal,11,0.0218,adj
contours,11,0.0218,verb
looks,11,0.0218,verb
study,11,0.0218,noun
volume,11,0.0218,noun
feathers,11,0.0218,noun
bouquet,11,0.0218,adj
presents,11,0.0218,noun
leading,11,0.0218,verb
bird,11,0.0218,noun
energy,11,0.0218,noun
edge,11,0.0218,noun
century,11,0.0218,noun
partially,11,0.0218,adv
arranged,11,0.0218,verb
blend,11,0.0218,noun
based,11,0.0218,verb
lady,11,0.0218,adj
warmth,11,0.0218,noun
neckline,11,0.0218,adj
outfit,11,0.0218,noun
engrossed,11,0.0218,verb
larger,11,0.0218,adj
dreamlike,11,0.0218,other
colorful,11,0.0218,adj
graphic,11,0.0218,adj
baroque,11,0.0218,noun
beautiful,10,0.0198,adj
nose,10,0.0198,adv
indoor,10,0.0198,adj
personal,10,0.0198,adj
allows,10,0.0198,verb
provides,10,0.0198,verb
main,10,0.0198,adj
fully,10,0.0198,adv
tree,10,0.0198,noun
oranges,10,0.0198,verb
stand,10,0.0198,verb
19th,10,0.0198,other
point,10,0.0198,noun
him,10,0.0198,other
proportions,10,0.0198,noun
beyond,10,0.0198,other
reclining,10,0.0198,verb
boy,10,0.0198,verb
mythology,10,0.0198,noun
mythological,10,0.0198,adj
john,10,0.0198,noun
emphasize,10,0.0198,verb
consists,10,0.0198,verb
earthy,10,0.0198,adj
legs,10,0.0198,noun
uses,10,0.0198,noun
bed,10,0.0198,noun
look,10,0.0198,verb
wide,10,0.0198,adj
information,10,0.0198,noun
together,10,0.0198,adv
performance,10,0.0198,noun
sits,10,0.0198,noun
softly,10,0.0198,adv
covered,10,0.0198,verb
day,10,0.0198,noun
important,10,0.0198,adj
shared,10,0.0198,verb
fuji,10,0.0198,verb
primarily,9,0.0178,adv
clearly,9,0.0178,adv
smooth,9,0.0178,other
multiple,9,0.0178,adj
highlighting,9,0.0178,verb
famous,9,0.0178,adj
wooden,9,0.0178,adj
complements,9,0.0178,noun
reality,9,0.0178,verb
love,9,0.0178,noun
couch,9,0.0178,adj
present,9,0.0178,adj
balanced,9,0.0178,verb
world,9,0.0178,noun
elegantly,9,0.0178,adv
items,9,0.0178,noun
using,9,0.0178,verb
portrayed,9,0.0178,verb
curtains,9,0.0178,noun
focal,9,0.0178,adj
portrayal,9,0.0178,noun
tone,9,0.0178,noun
harmonious,9,0.0178,adj
cloth,9,0.0178,other
specifically,9,0.0178,adv
choice,9,0.0178,noun
reading,9,0.0178,verb
environment,9,0.0178,noun
connection,9,0.0178,noun
uccello,9,0.0178,adj
description,9,0.0178,noun
brown,9,0.0178,adj
base,9,0.0178,noun
ornate,9,0.0178,adj
place,9,0.0178,noun
harmony,9,0.0178,noun
scattered,9,0.0178,adj
primitivism,9,0.0178,noun
blouse,9,0.0178,other
balance,9,0.0178,noun
squares,9,0.0178,verb
neoclassical,9,0.0178,adj
history,9,0.0178,noun
do,9,0.0178,verb
mount,9,0.0178,noun
gauguin,9,0.0178,noun
physical,8,0.0159,adj
modigliani,8,0.0159,noun
eye,8,0.0159,noun
cool,8,0.0159,noun
rural,8,0.0159,adj
smaller,8,0.0159,adj
plant,8,0.0159,noun
meticulous,8,0.0159,adj
stark,8,0.0159,adj
plate,8,0.0159,adj
prints,8,0.0159,noun
techniques,8,0.0159,noun
katsushika,8,0.0159,other
attributed,8,0.0159,verb
shore,8,0.0159,noun
activities,8,0.0159,noun
reflection,8,0.0159,noun
renowned,8,0.0159,verb
role,8,0.0159,noun
canvas,8,0.0159,verb
hallmark,8,0.0159,noun
were,8,0.0159,verb
elaborate,8,0.0159,adj
designs,8,0.0159,adj
engagement,8,0.0159,noun
importance,8,0.0159,noun
presumably,8,0.0159,adv
although,8,0.0159,other
object,8,0.0159,adj
lips,8,0.0159,noun
raised,8,0.0159,verb
shoulder,8,0.0159,noun
hallmarks,8,0.0159,noun
short,8,0.0159,adj
crossed,8,0.0159,verb
buildings,8,0.0159,noun
updo,8,0.0159,adj
vertical,8,0.0159,adj
playing,8,0.0159,verb
guitar,8,0.0159,adj
draws,8,0.0159,verb
headdress,8,0.0159,noun
20th,8,0.0159,adj
gazing,8,0.0159,verb
own,8,0.0159,adj
paolo,8,0.0159,noun
typically,8,0.0159,adv
note,8,0.0159,noun
ethereal,8,0.0159,noun
social,8,0.0159,adj
adult,8,0.0159,noun
any,8,0.0159,other
naturalistic,8,0.0159,adj
rendering,8,0.0159,verb
group,8,0.0159,noun
coastal,8,0.0159,adj
mid,8,0.0159,verb
daily,8,0.0159,adj
sandy,8,0.0159,adj
brush,8,0.0159,noun
apples,8,0.0159,verb
park,8,0.0159,verb
glass,8,0.0159,noun
french,8,0.0159,adj
plants,8,0.0159,noun
door,8,0.0159,adj
comfortably,8,0.0159,adv
windows,8,0.0159,noun
interpretation,8,0.0159,noun
distance,8,0.0159,noun
inviting,8,0.0159,verb
exaggerated,8,0.0159,adj
singer,8,0.0159,noun
dancer,8,0.0159,noun
fauvism,8,0.0159,noun
queen,8,0.0159,adj
sargent,8,0.0159,noun
american,8,0.0159,adj
mountain,8,0.0159,noun
romantic,8,0.0159,adj
fan,7,0.0139,adj
key,7,0.0139,adj
invites,7,0.0139,verb
state,7,0.0139,noun
dynamism,7,0.0139,noun
range,7,0.0139,noun
pale,7,0.0139,adj
whites,7,0.0139,noun
experience,7,0.0139,adj
however,7,0.0139,adv
arrangement,7,0.0139,noun
distinctly,7,0.0139,adv
surfaces,7,0.0139,noun
presented,7,0.0139,verb
shoreline,7,0.0139,noun
floating,7,0.0139,verb
skill,7,0.0139,adj
air,7,0.0139,noun
thought,7,0.0139,noun
venus,7,0.0139,noun
related,7,0.0139,verb
example,7,0.0139,noun
male,7,0.0139,adj
christian,7,0.0139,adj
jesus,7,0.0139,noun
joseph,7,0.0139,verb
hip,7,0.0139,noun
significance,7,0.0139,noun
intimacy,7,0.0139,noun
streamlined,7,0.0139,verb
indicates,7,0.0139,verb
dominant,7,0.0139,adj
thoughtful,7,0.0139,adj
revealing,7,0.0139,verb
neutral,7,0.0139,adj
jacket,7,0.0139,noun
beneath,7,0.0139,noun
ruffled,7,0.0139,verb
dream,7,0.0139,noun
neck,7,0.0139,other
stage,7,0.0139,noun
motif,7,0.0139,adj
drawn,7,0.0139,noun
characters,7,0.0139,noun
ruffles,7,0.0139,noun
maintaining,7,0.0139,verb
identified,7,0.0139,verb
textured,7,0.0139,verb
dimension,7,0.0139,noun
dragon,7,0.0139,noun
sunlight,7,0.0139,verb
sorolla,7,0.0139,noun
spanish,7,0.0139,adj
people,7,0.0139,noun
qualities,7,0.0139,noun
activity,7,0.0139,noun
seem,7,0.0139,verb
interaction,7,0.0139,adj
patterned,7,0.0139,verb
village,7,0.0139,noun
depict,7,0.0139,noun
seemingly,7,0.0139,adv
surreal,7,0.0139,adj
hue,7,0.0139,noun
edgar,7,0.0139,noun
dancers,7,0.0139,noun
atmospheric,7,0.0139,adj
motifs,7,0.0139,adj
print,7,0.0139,noun
bergman,7,0.0139,noun
japan,7,0.0139,adj
romanticism,7,0.0139,verb
nouveau,6,0.0119,other
calmness,6,0.0119,noun
curves,6,0.0119,noun
pinks,6,0.0119,noun
horizon,6,0.0119,noun
composed,6,0.0119,adj
precisionism,6,0.0119,noun
later,6,0.0119,adv
lifelike,6,0.0119,adj
organic,6,0.0119,noun
parts,6,0.0119,noun
defined,6,0.0119,verb
sharp,6,0.0119,adj
series,6,0.0119,noun
others,6,0.0119,noun
plain,6,0.0119,noun
roof,6,0.0119,noun
chest,6,0.0119,adj
symbolizing,6,0.0119,verb
divine,6,0.0119,noun
new,6,0.0119,adj
broad,6,0.0119,adj
fitting,6,0.0119,verb
symbolize,6,0.0119,noun
lively,6,0.0119,adv
texts,6,0.0119,adj
robe,6,0.0119,noun
matches,6,0.0119,noun
scheme,6,0.0119,noun
sharply,6,0.0119,adv
comfort,6,0.0119,noun
ancient,6,0.0119,adj
quarter,6,0.0119,noun
drapes,6,0.0119,verb
makeup,6,0.0119,noun
trim,6,0.0119,adj
accentuates,6,0.0119,noun
saint,6,0.0119,noun
artworks,6,0.0119,noun
fashionable,6,0.0119,adj
especially,6,0.0119,adv
complete,6,0.0119,adj
extended,6,0.0119,adj
hinting,6,0.0119,verb
beautifully,6,0.0119,adv
type,6,0.0119,noun
panels,6,0.0119,noun
panel,6,0.0119,noun
christ,6,0.0119,noun
angel,6,0.0119,adv
framed,6,0.0119,adj
round,6,0.0119,adv
purity,6,0.0119,noun
careful,6,0.0119,adj
explore,6,0.0119,adv
statue,6,0.0119,adj
leg,6,0.0119,noun
grandeur,6,0.0119,noun
accurately,6,0.0119,adv
precise,6,0.0119,noun
pearls,6,0.0119,noun
joaquín,6,0.0119,adj
enjoying,6,0.0119,verb
girls,6,0.0119,noun
sand,6,0.0119,noun
leisurely,6,0.0119,adv
ocean,6,0.0119,adj
stillness,6,0.0119,noun
obscured,6,0.0119,verb
location,6,0.0119,noun
clown,6,0.0119,verb
harlequin,6,0.0119,noun
costume,6,0.0119,adj
mirror,6,0.0119,noun
content,6,0.0119,noun
rest,6,0.0119,noun
accents,6,0.0119,noun
road,6,0.0119,noun
classic,6,0.0119,adj
walls,6,0.0119,noun
pastoral,6,0.0119,adj
pictures,6,0.0119,noun
story,6,0.0119,noun
rhythm,6,0.0119,noun
bridge,6,0.0119,noun
resembles,6,0.0119,noun
neoclassicism,6,0.0119,noun
seascape,6,0.0119,verb
rests,6,0.0119,noun
tropical,6,0.0119,adj
creation,6,0.0119,noun
marine,6,0.0119,noun
yourself,6,0.0119,other
diego,6,0.0119,noun
palace,6,0.0119,noun
regal,5,0.0099,noun
making,5,0.0099,verb
aspect,5,0.0099,adj
name,5,0.0099,noun
identity,5,0.0099,noun
distract,5,0.0099,adj
fascination,5,0.0099,noun
structures,5,0.0099,noun
belongs,5,0.0099,noun
delicate,5,0.0099,verb
precision,5,0.0099,noun
pieces,5,0.0099,noun
flying,5,0.0099,verb
detract,5,0.0099,adj
birds,5,0.0099,noun
themselves,5,0.0099,other
lake,5,0.0099,adj
centuries,5,0.0099,noun
fishing,5,0.0099,verb
mannerist,5,0.0099,adj
extends,5,0.0099,verb
highlight,5,0.0099,verb
captivating,5,0.0099,verb
roman,5,0.0099,verb
luxurious,5,0.0099,adj
include,5,0.0099,verb
armor,5,0.0099,noun
highly,5,0.0099,adv
solemnity,5,0.0099,noun
lying,5,0.0099,verb
ambiance,5,0.0099,noun
confirming,5,0.0099,verb
lends,5,0.0099,verb
audience,5,0.0099,noun
forward,5,0.0099,adv
middle,5,0.0099,adj
summer,5,0.0099,noun
compared,5,0.0099,verb
shade,5,0.0099,verb
authorship,5,0.0099,adj
unmistakably,5,0.0099,adv
i,5,0.0099,noun
ease,5,0.0099,noun
sails,5,0.0099,adj
closely,5,0.0099,adv
intense,5,0.0099,adj
melancholic,5,0.0099,adj
car,5,0.0099,noun
poised,5,0.0099,verb
aesthetics,5,0.0099,noun
grays,5,0.0099,noun
planes,5,0.0099,noun
take,5,0.0099,verb
engaging,5,0.0099,verb
detailing,5,0.0099,verb
softness,5,0.0099,adj
past,5,0.0099,adj
indoors,5,0.0099,noun
glimpse,5,0.0099,adj
divided,5,0.0099,verb
sections,5,0.0099,noun
single,5,0.0099,adj
helps,5,0.0099,noun
serenity,5,0.0099,noun
dominic,5,0.0099,adj
order,5,0.0099,noun
symbol,5,0.0099,noun
symbolic,5,0.0099,adj
curtain,5,0.0099,noun
serves,5,0.0099,noun
knight,5,0.0099,noun
though,5,0.0099,other
joy,5,0.0099,verb
carefully,5,0.0099,adv
embroidery,5,0.0099,noun
cultural,5,0.0099,adj
outdoors,5,0.0099,noun
expanse,5,0.0099,adj
dresses,5,0.0099,noun
walking,5,0.0099,verb
afternoon,5,0.0099,noun
cooler,5,0.0099,noun
event,5,0.0099,noun
houses,5,0.0099,noun
vegetation,5,0.0099,noun
shirt,5,0.0099,noun
define,5,0.0099,noun
vegetables,5,0.0099,noun
wood,5,0.0099,noun
situated,5,0.0099,verb
cubism,5,0.0099,noun
sign,5,0.0099,noun
script,5,0.0099,noun
chairs,5,0.0099,verb
size,5,0.0099,noun
marc,5,0.0099,noun
observing,5,0.0099,verb
clock,5,0.0099,noun
night,5,0.0099,noun
town,5,0.0099,noun
found,5,0.0099,verb
impact,5,0.0099,noun
perched,5,0.0099,verb
saturated,5,0.0099,verb
ballerina,5,0.0099,noun
theater,5,0.0099,noun
dance,5,0.0099,noun
abstracted,5,0.0099,verb
those,5,0.0099,other
spontaneity,5,0.0099,noun
much,5,0.0099,adj
flora,5,0.0099,noun
mass,5,0.0099,noun
ingrid,5,0.0099,adj
velázquez,5,0.0099,verb
power,5,0.0099,noun
macbeth,5,0.0099,verb
bond,5,0.0099,noun
mastery,4,0.0079,verb
cascades,4,0.0079,noun
mouth,4,0.0079,noun
horizontal,4,0.0079,adj
o,4,0.0079,noun
keeffe,4,0.0079,noun
roofs,4,0.0079,noun
surrealistic,4,0.0079,adj
surrounded,4,0.0079,verb
oeuvre,4,0.0079,adv
inspired,4,0.0079,adj
symmetrical,4,0.0079,adj
angles,4,0.0079,noun
bare,4,0.0079,verb
childlike,4,0.0079,noun
poses,4,0.0079,noun
woodblock,4,0.0079,adj
depictions,4,0.0079,noun
17th,4,0.0079,other
thatched,4,0.0079,adj
rustic,4,0.0079,adj
beside,4,0.0079,other
slender,4,0.0079,verb
mountains,4,0.0079,noun
emphasized,4,0.0079,verb
sculptural,4,0.0079,adj
fabrics,4,0.0079,noun
richly,4,0.0079,adv
enhance,4,0.0079,verb
skillful,4,0.0079,noun
how,4,0.0079,other
beard,4,0.0079,noun
direct,4,0.0079,adj
observer,4,0.0079,noun
demeanor,4,0.0079,noun
infant,4,0.0079,noun
son,4,0.0079,noun
older,4,0.0079,adj
scroll,4,0.0079,noun
kind,4,0.0079,noun
compositions,4,0.0079,noun
companionship,4,0.0079,noun
visually,4,0.0079,adv
confident,4,0.0079,adj
class,4,0.0079,noun
suit,4,0.0079,noun
society,4,0.0079,noun
fluidity,4,0.0079,noun
browns,4,0.0079,noun
care,4,0.0079,noun
angle,4,0.0079,adj
mystery,4,0.0079,noun
idealized,4,0.0079,verb
evidenced,4,0.0079,verb
hairstyle,4,0.0079,adj
pronounced,4,0.0079,verb
complement,4,0.0079,noun
headscarf,4,0.0079,noun
angular,4,0.0079,adj
fur,4,0.0079,noun
evening,4,0.0079,verb
casually,4,0.0079,adv
necklace,4,0.0079,verb
portrayals,4,0.0079,noun
principles,4,0.0079,noun
nun,4,0.0079,adv
only,4,0.0079,adv
curved,4,0.0079,verb
item,4,0.0079,noun
vibrancy,4,0.0079,noun
grapes,4,0.0079,adj
held,4,0.0079,verb
roses,4,0.0079,noun
blurred,4,0.0079,verb
cross,4,0.0079,noun
hope,4,0.0079,noun
meticulously,4,0.0079,adv
halo,4,0.0079,adj
source,4,0.0079,noun
otherwise,4,0.0079,adv
implies,4,0.0079,noun
commonly,4,0.0079,adv
so,4,0.0079,adv
expressions,4,0.0079,noun
somber,4,0.0079,adj
covers,4,0.0079,noun
simply,4,0.0079,adv
doorway,4,0.0079,noun
column,4,0.0079,noun
rocky,4,0.0079,verb
vast,4,0.0079,adj
lapping,4,0.0079,verb
sailboat,4,0.0079,noun
times,4,0.0079,noun
sun,4,0.0079,adj
leisure,4,0.0079,noun
onto,4,0.0079,other
solitude,4,0.0079,verb
bathers,4,0.0079,noun
among,4,0.0079,other
liquid,4,0.0079,adj
varied,4,0.0079,adj
harmoniously,4,0.0079,adv
ripe,4,0.0079,noun
inside,4,0.0079,adj
paint,4,0.0079,noun
brim,4,0.0079,noun
subtly,4,0.0079,adv
interest,4,0.0079,noun
bodies,4,0.0079,noun
displayed,4,0.0079,verb
furniture,4,0.0079,noun
blending,4,0.0079,verb
hanging,4,0.0079,verb
application,4,0.0079,noun
symbolism,4,0.0079,noun
freedom,4,0.0079,noun
fantastical,4,0.0079,adj
difficult,4,0.0079,adj
floor,4,0.0079,noun
vision,4,0.0079,noun
lack,4,0.0079,noun
imply,4,0.0079,noun
terms,4,0.0079,noun
actual,4,0.0079,adj
variety,4,0.0079,noun
1,4,0.0079,other
fish,4,0.0079,adj
3,4,0.0079,other
reflect,4,0.0079,noun
halves,4,0.0079,noun
distraction,4,0.0079,noun
minimal,4,0.0079,adj
sketchy,4,0.0079,noun
individuals,4,0.0079,noun
drama,4,0.0079,noun
lives,4,0.0079,verb
after,4,0.0079,other
rectangles,4,0.0079,noun
blocks,4,0.0079,noun
representational,4,0.0079,adj
showing,4,0.0079,noun
waist,4,0.0079,adj
years,4,0.0079,noun
bow,4,0.0079,adj
backrest,4,0.0079,adj
someone,4,0.0079,noun
old,4,0.0079,adj
armchair,4,0.0079,adv
france,4,0.0079,noun
identifying,4,0.0079,verb
centrally,4,0.0079,adv
original,4,0.0079,adj
spontaneous,4,0.0079,adj
automatic,4,0.0079,adj
subconscious,4,0.0079,adj
cutouts,4,0.0079,noun
amidst,4,0.0079,verb
creatures,4,0.0079,noun
below,4,0.0079,other
illustration,4,0.0079,noun
employed,4,0.0079,verb
commercial,4,0.0079,adj
consumer,4,0.0079,noun
repetition,4,0.0079,noun
elizabeth,4,0.0079,verb
recognizable,4,0.0079,adj
frog,4,0.0079,noun
herself,4,0.0079,other
fair,4,0.0079,noun
closed,4,0.0079,verb
truck,4,0.0079,noun
velazquez,4,0.0079,noun
active,4,0.0079,adj
moments,4,0.0079,noun
faces,4,0.0079,verb
ellen,4,0.0079,verb
terry,4,0.0079,adj
printmaker,4,0.0079,noun
idyllic,4,0.0079,adj
western,4,0.0079,adj
cat,4,0.0079,adj
wave,4,0.0079,verb
volkswagen,4,0.0079,noun
circles,4,0.0079,noun
fritza,3,0.0059,adj
flows,3,0.0059,verb
bodice,3,0.0059,noun
dots,3,0.0059,noun
refinement,3,0.0059,noun
testament,3,0.0059,noun
amedeo,3,0.0059,noun
alice,3,0.0059,noun
figurative,3,0.0059,adj
carries,3,0.0059,verb
combined,3,0.0059,verb
georgia,3,0.0059,adj
align,3,0.0059,verb
petals,3,0.0059,noun
bloom,3,0.0059,noun
gradient,3,0.0059,adj
clarity,3,0.0059,noun
hill,3,0.0059,noun
terrain,3,0.0059,noun
relatively,3,0.0059,adv
tangerine,3,0.0059,noun
cranes,3,0.0059,noun
grey,3,0.0059,noun
flourished,3,0.0059,verb
meets,3,0.0059,noun
silhouettes,3,0.0059,verb
effective,3,0.0059,adj
demonstrates,3,0.0059,verb
seriousness,3,0.0059,noun
skillfully,3,0.0059,adv
cupid,3,0.0059,adj
allegorical,3,0.0059,adj
cherub,3,0.0059,noun
baby,3,0.0059,noun
association,3,0.0059,noun
corners,3,0.0059,noun
youthful,3,0.0059,adj
luxury,3,0.0059,noun
opulence,3,0.0059,noun
prime,3,0.0059,adj
sought,3,0.0059,adj
tradition,3,0.0059,noun
robes,3,0.0059,verb
represents,3,0.0059,verb
sleek,3,0.0059,adj
pearl,3,0.0059,adj
jewelry,3,0.0059,noun
confidence,3,0.0059,noun
allure,3,0.0059,noun
tie,3,0.0059,noun
members,3,0.0059,noun
1920s,3,0.0059,other
1930s,3,0.0059,other
model,3,0.0059,noun
la,3,0.0059,noun
belle,3,0.0059,other
slight,3,0.0059,adj
stripes,3,0.0059,noun
trends,3,0.0059,noun
complexion,3,0.0059,noun
entirely,3,0.0059,adv
characteristics,3,0.0059,noun
brimmed,3,0.0059,verb
feather,3,0.0059,adv
celebration,3,0.0059,noun
modern,3,0.0059,adj
lipstick,3,0.0059,adj
neatly,3,0.0059,adv
appeal,3,0.0059,adv
makes,3,0.0059,verb
embracing,3,0.0059,verb
dancing,3,0.0059,verb
purples,3,0.0059,noun
self,3,0.0059,noun
vehicle,3,0.0059,noun
dr,3,0.0059,verb
boucard,3,0.0059,adv
concentration,3,0.0059,noun
winter,3,0.0059,noun
leaning,3,0.0059,verb
moody,3,0.0059,noun
m,3,0.0059,noun
turban,3,0.0059,noun
remain,3,0.0059,verb
city,3,0.0059,noun
adam,3,0.0059,noun
eve,3,0.0059,verb
complexity,3,0.0059,noun
nostalgia,3,0.0059,adv
absorbed,3,0.0059,verb
instrument,3,0.0059,adj
act,3,0.0059,noun
solemn,3,0.0059,noun
dignity,3,0.0059,noun
comes,3,0.0059,verb
loosely,3,0.0059,adv
conveyed,3,0.0059,verb
displays,3,0.0059,noun
taking,3,0.0059,verb
immersed,3,0.0059,verb
meant,3,0.0059,noun
arches,3,0.0059,noun
influenced,3,0.0059,adj
please,3,0.0059,adj
oil,3,0.0059,noun
casting,3,0.0059,noun
values,3,0.0059,noun
medieval,3,0.0059,adj
lily,3,0.0059,adv
saints,3,0.0059,noun
effectively,3,0.0059,adv
make,3,0.0059,verb
francis,3,0.0059,noun
seeks,3,0.0059,noun
describe,3,0.0059,noun
images,3,0.0059,noun
embroidered,3,0.0059,verb
intended,3,0.0059,verb
modeling,3,0.0059,verb
blonde,3,0.0059,adj
royal,3,0.0059,noun
designed,3,0.0059,verb
appearing,3,0.0059,verb
preparing,3,0.0059,verb
san,3,0.0059,adj
alone,3,0.0059,adv
resembling,3,0.0059,verb
offering,3,0.0059,verb
moored,3,0.0059,verb
attending,3,0.0059,verb
purposes,3,0.0059,noun
contain,3,0.0059,noun
casts,3,0.0059,noun
valencia,3,0.0059,noun
takes,3,0.0059,verb
younger,3,0.0059,adj
reads,3,0.0059,noun
lens,3,0.0059,noun
reflective,3,0.0059,adj
dusk,3,0.0059,noun
victorian,3,0.0059,adj
complemented,3,0.0059,verb
carrying,3,0.0059,verb
considered,3,0.0059,verb
changing,3,0.0059,verb
oxen,3,0.0059,verb
pears,3,0.0059,noun
containing,3,0.0059,verb
technical,3,0.0059,adj
fluffy,3,0.0059,adj
method,3,0.0059,verb
referred,3,0.0059,verb
challenges,3,0.0059,verb
cluster,3,0.0059,noun
bottle,3,0.0059,verb
clowns,3,0.0059,noun
identifiable,3,0.0059,adj
textural,3,0.0059,adj
peasant,3,0.0059,verb
onions,3,0.0059,noun
tomatoes,3,0.0059,noun
grain,3,0.0059,noun
made,3,0.0059,verb
skull,3,0.0059,noun
commonplace,3,0.0059,noun
variations,3,0.0059,noun
read,3,0.0059,adj
written,3,0.0059,verb
translates,3,0.0059,verb
instead,3,0.0059,adv
express,3,0.0059,adv
rooster,3,0.0059,noun
sort,3,0.0059,noun
position,3,0.0059,noun
gesture,3,0.0059,noun
imagery,3,0.0059,noun
burning,3,0.0059,verb
animal,3,0.0059,noun
cow,3,0.0059,noun
emotions,3,0.0059,noun
elderly,3,0.0059,adj
portion,3,0.0059,noun
lived,3,0.0059,verb
wife,3,0.0059,noun
biblical,3,0.0059,adj
shepherd,3,0.0059,verb
ox,3,0.0059,verb
upright,3,0.0059,adj
stars,3,0.0059,verb
less,3,0.0059,other
2,3,0.0059,other
4,3,0.0059,other
task,3,0.0059,noun
involves,3,0.0059,verb
thread,3,0.0059,adj
needle,3,0.0059,adj
array,3,0.0059,noun
echoing,3,0.0059,verb
folk,3,0.0059,noun
kahlo,3,0.0059,noun
experiences,3,0.0059,noun
parrot,3,0.0059,noun
conventional,3,0.0059,adj
watermelon,3,0.0059,verb
closer,3,0.0059,adj
wings,3,0.0059,noun
affirming,3,0.0059,verb
vitality,3,0.0059,noun
performing,3,0.0059,verb
performer,3,0.0059,verb
theatrical,3,0.0059,adj
grace,3,0.0059,noun
tutu,3,0.0059,noun
action,3,0.0059,noun
dreamy,3,0.0059,verb
portray,3,0.0059,verb
aspects,3,0.0059,verb
break,3,0.0059,noun
ironing,3,0.0059,verb
gray,3,0.0059,adj
rhythmic,3,0.0059,adj
neoplasticism,3,0.0059,noun
non,3,0.0059,adj
abstraction,3,0.0059,noun
ears,3,0.0059,noun
straight,3,0.0059,adv
serious,3,0.0059,adj
handling,3,0.0059,verb
bears,3,0.0059,noun
conveying,3,0.0059,verb
jester,3,0.0059,noun
accentuated,3,0.0059,verb
did,3,0.0059,verb
enough,3,0.0059,adv
synthetic,3,0.0059,adj
violin,3,0.0059,verb
interpret,3,0.0059,adj
four,3,0.0059,other
adherence,3,0.0059,noun
reveals,3,0.0059,noun
immediacy,3,0.0059,noun
cultures,3,0.0059,noun
river,3,0.0059,noun
diffused,3,0.0059,verb
atop,3,0.0059,adj
donkey,3,0.0059,noun
interpretations,3,0.0059,noun
downwards,3,0.0059,noun
geranium,3,0.0059,adj
weather,3,0.0059,noun
reinforcing,3,0.0059,verb
digital,3,0.0059,adj
dignified,3,0.0059,verb
lemons,3,0.0059,noun
silhouette,3,0.0059,noun
ways,3,0.0059,noun
seaweed,3,0.0059,verb
blacks,3,0.0059,noun
paper,3,0.0059,noun
lute,3,0.0059,adj
underwater,3,0.0059,noun
poster,3,0.0059,noun
reeds,3,0.0059,verb
attempt,3,0.0059,noun
manipulation,3,0.0059,noun
illustrative,3,0.0059,adj
meaning,3,0.0059,verb
soup,3,0.0059,noun
bottles,3,0.0059,noun
case,3,0.0059,noun
taylor,3,0.0059,noun
celebrated,3,0.0059,verb
media,3,0.0059,noun
square,3,0.0059,verb
royalty,3,0.0059,noun
combines,3,0.0059,noun
cape,3,0.0059,noun
cod,3,0.0059,noun
splashes,3,0.0059,noun
edward,3,0.0059,adv
authenticity,3,0.0059,noun
introspective,3,0.0059,adj
grand,3,0.0059,adj
steps,3,0.0059,noun
venice,3,0.0059,noun
embodies,3,0.0059,noun
little,3,0.0059,adj
stevenson,3,0.0059,adj
music,3,0.0059,noun
elsie,3,0.0059,verb
sewing,3,0.0059,verb
affectionate,3,0.0059,adj
interactions,3,0.0059,noun
ducks,3,0.0059,noun
affection,3,0.0059,noun
francoise,3,0.0059,noun
lightning,3,0.0059,verb
path,3,0.0059,noun
peak,3,0.0059,noun
travelers,3,0.0059,noun
edo,3,0.0059,noun
swallow,3,0.0059,adj
smoke,3,0.0059,noun
eruption,3,0.0059,noun
vincent,3,0.0059,noun
thick,3,0.0059,adj
ram,3,0.0059,noun
academicism,3,0.0059,noun
cloisonnism,3,0.0059,noun
psyche,3,0.0059,noun
pan,3,0.0059,noun
minnelli,3,0.0059,noun
klimt,2,0.004,noun
throne,2,0.004,noun
contrasted,2,0.004,verb
palm,2,0.004,noun
flair,2,0.004,noun
craft,2,0.004,noun
delve,2,0.004,noun
thin,2,0.004,adj
clasped,2,0.004,verb
contemplate,2,0.004,verb
emotionally,2,0.004,adv
ends,2,0.004,noun
barns,2,0.004,verb
leaf,2,0.004,noun
petal,2,0.004,adj
dominance,2,0.004,noun
definition,2,0.004,noun
expected,2,0.004,verb
types,2,0.004,noun
hibiscus,2,0.004,verb
plumeria,2,0.004,noun
displaying,2,0.004,verb
layers,2,0.004,noun
dead,2,0.004,adj
pinkish,2,0.004,adj
autumn,2,0.004,noun
branches,2,0.004,noun
toned,2,0.004,verb
border,2,0.004,noun
drawings,2,0.004,noun
crane,2,0.004,noun
postures,2,0.004,verb
monochromatic,2,0.004,adj
suwa,2,0.004,adj
shinano,2,0.004,noun
province,2,0.004,noun
access,2,0.004,noun
sunrise,2,0.004,noun
sunset,2,0.004,noun
headpiece,2,0.004,verb
discerned,2,0.004,verb
mannerism,2,0.004,noun
bronzino,2,0.004,noun
italian,2,0.004,adj
goddess,2,0.004,noun
accompanying,2,0.004,verb
anatomical,2,0.004,adj
involving,2,0.004,verb
creativity,2,0.004,noun
portraying,2,0.004,verb
narratives,2,0.004,noun
warrior,2,0.004,verb
nobleman,2,0.004,adj
breastplate,2,0.004,noun
craftsmanship,2,0.004,noun
mustache,2,0.004,noun
tilted,2,0.004,adj
columns,2,0.004,noun
match,2,0.004,noun
holy,2,0.004,verb
anne,2,0.004,noun
baptist,2,0.004,noun
drape,2,0.004,noun
mirrors,2,0.004,noun
tool,2,0.004,noun
reverence,2,0.004,noun
companion,2,0.004,adj
contour,2,0.004,noun
oriented,2,0.004,verb
cheekbones,2,0.004,noun
prince,2,0.004,noun
eristoff,2,0.004,noun
polish,2,0.004,adj
pulling,2,0.004,verb
illusion,2,0.004,noun
sheer,2,0.004,noun
knees,2,0.004,noun
ahead,2,0.004,adv
cityscape,2,0.004,noun
lamp,2,0.004,verb
creator,2,0.004,noun
scarf,2,0.004,adj
layered,2,0.004,verb
seductive,2,0.004,adj
aligning,2,0.004,verb
embodying,2,0.004,verb
freshness,2,0.004,noun
sofa,2,0.004,noun
bob,2,0.004,adj
nurturing,2,0.004,verb
keeps,2,0.004,verb
nautical,2,0.004,adj
forehead,2,0.004,adj
parted,2,0.004,verb
step,2,0.004,noun
wavy,2,0.004,adj
gloves,2,0.004,noun
featured,2,0.004,verb
wheel,2,0.004,noun
vintage,2,0.004,noun
bugatti,2,0.004,verb
my,2,0.004,other
ski,2,0.004,adj
brings,2,0.004,verb
madame,2,0.004,adj
swirls,2,0.004,verb
contemporary,2,0.004,adj
conversation,2,0.004,noun
angled,2,0.004,verb
earrings,2,0.004,noun
formally,2,0.004,adv
mandolin,2,0.004,noun
sheets,2,0.004,noun
knee,2,0.004,noun
falling,2,0.004,verb
graceful,2,0.004,adj
stems,2,0.004,noun
counter,2,0.004,adj
gift,2,0.004,noun
wrapped,2,0.004,verb
box,2,0.004,adj
timeless,2,0.004,noun
morisot,2,0.004,noun
immediate,2,0.004,adj
streaming,2,0.004,noun
sister,2,0.004,noun
possibility,2,0.004,noun
literature,2,0.004,verb
crucifixion,2,0.004,noun
feet,2,0.004,noun
angelic,2,0.004,verb
accompanied,2,0.004,verb
iconography,2,0.004,noun
gilded,2,0.004,verb
backgrounds,2,0.004,noun
accurate,2,0.004,adj
seeing,2,0.004,verb
prayer,2,0.004,noun
spiritual,2,0.004,adj
entire,2,0.004,adj
strength,2,0.004,noun
ascribed,2,0.004,noun
curly,2,0.004,adj
coming,2,0.004,verb
cheek,2,0.004,adj
wealth,2,0.004,verb
spirit,2,0.004,verb
representations,2,0.004,noun
devotion,2,0.004,noun
attributes,2,0.004,noun
anatomy,2,0.004,adj
had,2,0.004,verb
equestrian,2,0.004,adj
monument,2,0.004,noun
horseback,2,0.004,noun
battle,2,0.004,noun
inscribed,2,0.004,verb
monuments,2,0.004,noun
celebrating,2,0.004,noun
actions,2,0.004,noun
confirm,2,0.004,verb
centered,2,0.004,adj
madonna,2,0.004,noun
cradles,2,0.004,noun
golden,2,0.004,adj
judging,2,0.004,verb
low,2,0.004,adj
ready,2,0.004,adj
combat,2,0.004,noun
watches,2,0.004,noun
umbrella,2,0.004,adj
return,2,0.004,verb
livestock,2,0.004,noun
sunny,2,0.004,noun
humans,2,0.004,noun
running,2,0.004,verb
following,2,0.004,verb
illuminating,2,0.004,noun
morning,2,0.004,noun
eastern,2,0.004,adj
coast,2,0.004,noun
epoque,2,0.004,noun
shallow,2,0.004,adj
flesh,2,0.004,noun
y,2,0.004,noun
wet,2,0.004,adj
rolling,2,0.004,verb
pool,2,0.004,noun
archway,2,0.004,adv
entrance,2,0.004,adj
hall,2,0.004,noun
stone,2,0.004,noun
illumination,2,0.004,verb
dawn,2,0.004,noun
strolling,2,0.004,verb
parasol,2,0.004,adj
walk,2,0.004,noun
even,2,0.004,adv
sailboats,2,0.004,noun
tide,2,0.004,verb
catch,2,0.004,verb
softer,2,0.004,adj
beached,2,0.004,adj
bustling,2,0.004,verb
too,2,0.004,adv
cart,2,0.004,adj
expansive,2,0.004,adj
sensory,2,0.004,adj
beachside,2,0.004,noun
brighter,2,0.004,noun
sit,2,0.004,noun
vibrantly,2,0.004,adv
illuminate,2,0.004,noun
compotier,2,0.004,noun
describes,2,0.004,verb
facade,2,0.004,noun
nestled,2,0.004,adj
sturdy,2,0.004,adj
verdant,2,0.004,adj
olive,2,0.004,adj
production,2,0.004,noun
dense,2,0.004,adj
punctuated,2,0.004,verb
solidity,2,0.004,noun
milk,2,0.004,noun
pitcher,2,0.004,noun
lid,2,0.004,adj
wallpaper,2,0.004,other
ordinary,2,0.004,adj
diamond,2,0.004,noun
cheerful,2,0.004,adj
actively,2,0.004,adv
greenhouse,2,0.004,noun
mature,2,0.004,noun
indistinct,2,0.004,adj
tableware,2,0.004,noun
nuance,2,0.004,noun
gathered,2,0.004,verb
forested,2,0.004,adj
upwards,2,0.004,noun
division,2,0.004,noun
touches,2,0.004,verb
structural,2,0.004,adj
volumes,2,0.004,noun
cottage,2,0.004,noun
shuttered,2,0.004,verb
hillside,2,0.004,noun
liozna,2,0.004,noun
levels,2,0.004,noun
signs,2,0.004,noun
language,2,0.004,noun
russian,2,0.004,adj
pediatrician,2,0.004,adj
legible,2,0.004,adj
tall,2,0.004,adj
cabinet,2,0.004,noun
suggestion,2,0.004,noun
t,2,0.004,noun
aim,2,0.004,noun
interacting,2,0.004,verb
fire,2,0.004,noun
charm,2,0.004,noun
board,2,0.004,noun
existence,2,0.004,adv
metaphor,2,0.004,noun
barber,2,0.004,noun
shop,2,0.004,noun
waiting,2,0.004,verb
aims,2,0.004,verb
familiar,2,0.004,adj
same,2,0.004,adj
marking,2,0.004,verb
dial,2,0.004,adj
move,2,0.004,verb
show,2,0.004,noun
decorated,2,0.004,verb
keeping,2,0.004,verb
directness,2,0.004,adj
whimsy,2,0.004,noun
imagined,2,0.004,verb
riding,2,0.004,noun
apple,2,0.004,noun
explicitly,2,0.004,adv
potiphar,2,0.004,adj
textiles,2,0.004,noun
bedroom,2,0.004,noun
guide,2,0.004,verb
goat,2,0.004,noun
calmly,2,0.004,noun
direction,2,0.004,noun
dotted,2,0.004,verb
flayed,2,0.004,verb
reveal,2,0.004,adj
celestial,2,0.004,adj
horsewoman,2,0.004,adj
authority,2,0.004,noun
heritage,2,0.004,noun
flight,2,0.004,noun
aquatic,2,0.004,adj
inspiration,2,0.004,noun
clocks,2,0.004,noun
notes,2,0.004,noun
yarn,2,0.004,noun
working,2,0.004,verb
textile,2,0.004,noun
storytelling,2,0.004,verb
frida,2,0.004,adj
lemon,2,0.004,verb
watermelons,2,0.004,noun
split,2,0.004,noun
unpolished,2,0.004,adj
primitivist,2,0.004,noun
cursive,2,0.004,adj
evocative,2,0.004,adj
never,2,0.004,adv
completed,2,0.004,verb
semiramis,2,0.004,adj
babylon,2,0.004,noun
majestic,2,0.004,adj
unfinished,2,0.004,adj
caught,2,0.004,verb
gracefully,2,0.004,adv
places,2,0.004,noun
star,2,0.004,noun
troupe,2,0.004,noun
prominence,2,0.004,noun
recognition,2,0.004,noun
performances,2,0.004,noun
watching,2,0.004,verb
artistry,2,0.004,noun
dressing,2,0.004,verb
immediately,2,0.004,adv
before,2,0.004,other
process,2,0.004,noun
lifestyle,2,0.004,noun
having,2,0.004,verb
spans,2,0.004,noun
mondrian,2,0.004,adj
achieve,2,0.004,verb
big,2,0.004,adj
plume,2,0.004,verb
spots,2,0.004,noun
fingers,2,0.004,noun
subjective,2,0.004,verb
periods,2,0.004,noun
date,2,0.004,noun
21,2,0.004,other
essential,2,0.004,adj
mostly,2,0.004,adv
playfulness,2,0.004,noun
diverse,2,0.004,noun
food,2,0.004,noun
catalan,2,0.004,noun
detracting,2,0.004,verb
intersect,2,0.004,adj
fragmented,2,0.004,verb
then,2,0.004,adv
overlapping,2,0.004,verb
involved,2,0.004,verb
perspectives,2,0.004,noun
initials,2,0.004,noun
word,2,0.004,noun
orientation,2,0.004,noun
lithograph,2,0.004,noun
cradling,2,0.004,verb
lies,2,0.004,noun
familial,2,0.004,adj
reaching,2,0.004,verb
extending,2,0.004,verb
pointed,2,0.004,verb
rock,2,0.004,noun
better,2,0.004,adj
frames,2,0.004,adv
harness,2,0.004,noun
curiosity,2,0.004,noun
earlier,2,0.004,adv
upholstery,2,0.004,adj
innovative,2,0.004,adj
plush,2,0.004,adj
headgear,2,0.004,adj
pot,2,0.004,noun
teapot,2,0.004,noun
resemble,2,0.004,adj
collioure,2,0.004,verb
fauvist,2,0.004,adj
conditions,2,0.004,noun
himself,2,0.004,other
our,2,0.004,other
sideboard,2,0.004,adv
cup,2,0.004,noun
dominate,2,0.004,noun
perceptions,2,0.004,noun
shaped,2,0.004,verb
chin,2,0.004,noun
thoughtfully,2,0.004,adv
feeling,2,0.004,verb
comfortable,2,0.004,adj
panes,2,0.004,noun
layer,2,0.004,adj
draughtsmanship,2,0.004,noun
romanian,2,0.004,adj
puffy,2,0.004,noun
lozenge,2,0.004,verb
retained,2,0.004,verb
saxifrages,2,0.004,noun
reproduction,2,0.004,noun
evokes,2,0.004,noun
mix,2,0.004,adj
lagoon,2,0.004,noun
photo,2,0.004,verb
section,2,0.004,noun
polynesia,2,0.004,adj
predominant,2,0.004,noun
idea,2,0.004,noun
vastness,2,0.004,noun
bather,2,0.004,noun
grass,2,0.004,noun
reflected,2,0.004,verb
promotional,2,0.004,adj
appreciate,2,0.004,adj
iv,2,0.004,noun
exploration,2,0.004,noun
bananas,2,0.004,verb
distant,2,0.004,adj
symbols,2,0.004,noun
label,2,0.004,noun
brand,2,0.004,noun
coke,2,0.004,adj
coca,2,0.004,noun
cola,2,0.004,noun
font,2,0.004,verb
altered,2,0.004,verb
lacks,2,0.004,noun
indicate,2,0.004,verb
vividly,2,0.004,adv
public,2,0.004,adj
persona,2,0.004,adv
mimic,2,0.004,adj
marilyn,2,0.004,verb
ii,2,0.004,verb
celebrities,2,0.004,noun
actress,2,0.004,noun
actor,2,0.004,noun
bunny,2,0.004,adj
beatrix,2,0.004,noun
netherlands,2,0.004,noun
crown,2,0.004,adj
trailer,2,0.004,noun
discern,2,0.004,adj
margrethe,2,0.004,verb
bull,2,0.004,noun
implied,2,0.004,verb
ranking,2,0.004,verb
similarly,2,0.004,adv
hunting,2,0.004,verb
dog,2,0.004,noun
estate,2,0.004,noun
stag,2,0.004,noun
frequently,2,0.004,adv
explored,2,0.004,verb
rokeby,2,0.004,noun
formality,2,0.004,noun
rainstorm,2,0.004,verb
mist,2,0.004,noun
recently,2,0.004,adv
hopper,2,0.004,adj
carry,2,0.004,verb
weathered,2,0.004,adj
imagine,2,0.004,adj
porch,2,0.004,adj
carpet,2,0.004,noun
dresser,2,0.004,noun
william,2,0.004,noun
shakespeare,2,0.004,noun
nuances,2,0.004,noun
powerful,2,0.004,adj
maintain,2,0.004,noun
daffodils,2,0.004,noun
edited,2,0.004,adj
artificial,2,0.004,adj
watercolor,2,0.004,noun
influences,2,0.004,noun
scale,2,0.004,adj
employing,2,0.004,verb
ponte,2,0.004,noun
giuseppe,2,0.004,noun
waterway,2,0.004,noun
grayscale,2,0.004,noun
occasion,2,0.004,noun
development,2,0.004,noun
minute,2,0.004,adj
playful,2,0.004,adj
mrs,2,0.004,adj
attentively,2,0.004,adv
illuminates,2,0.004,verb
deeply,2,0.004,adv
grassy,2,0.004,adj
shadowing,2,0.004,verb
encapsulates,2,0.004,verb
boating,2,0.004,verb
party,2,0.004,noun
donned,2,0.004,verb
filtering,2,0.004,verb
japonisme,2,0.004,noun
feeding,2,0.004,verb
ann,2,0.004,adv
sucking,2,0.004,verb
barefoot,2,0.004,noun
worn,2,0.004,noun
called,2,0.004,verb
sketch,2,0.004,verb
lightness,2,0.004,adj
peace,2,0.004,noun
refers,2,0.004,noun
bath,2,0.004,noun
thoughtfulness,2,0.004,adv
summit,2,0.004,noun
fill,2,0.004,adj
tokaido,2,0.004,noun
journey,2,0.004,noun
hydrangea,2,0.004,noun
hydrangeas,2,0.004,noun
poetry,2,0.004,noun
ash,2,0.004,noun
volcanic,2,0.004,adj
rossetti,2,0.004,noun
siddal,2,0.004,noun
postman,2,0.004,noun
roulin,2,0.004,noun
sunflowers,2,0.004,noun
japonism,2,0.004,noun
hallway,2,0.004,adj
arched,2,0.004,verb
doorways,2,0.004,noun
volcano,2,0.004,noun
jane,2,0.004,noun
fonda,2,0.004,noun
peeled,2,0.004,verb
relaxation,2,0.004,noun
applied,2,0.004,verb
gradation,2,0.004,noun
exotic,2,0.004,adj
gardens,2,0.004,noun
greek,2,0.004,adj
medium,2,0.004,noun
shalott,2,0.004,noun
waterhouse,2,0.004,noun
putz,2,0.004,noun
leo,2,0.004,noun
concentric,2,0.004,noun
riedler,1,0.002,noun
austrian,1,0.002,adj
symbolist,1,0.002,noun
gustav,1,0.002,noun
compelling,1,0.002,adj
nightgown,1,0.002,noun
remains,1,0.002,verb
resonant,1,0.002,adj
modernist,1,0.002,adj
exemplifies,1,0.002,noun
lifelong,1,0.002,adj
stripe,1,0.002,noun
barn,1,0.002,noun
gables,1,0.002,noun
field,1,0.002,noun
mechanical,1,0.002,adj
classification,1,0.002,noun
dominates,1,0.002,verb
brownish,1,0.002,adj
edges,1,0.002,verb
hard,1,0.002,adj
should,1,0.002,other
noted,1,0.002,verb
traditionally,1,0.002,adv
trumpet,1,0.002,adj
stamens,1,0.002,other
forming,1,0.002,verb
corona,1,0.002,noun
pistil,1,0.002,noun
overpowering,1,0.002,verb
desert,1,0.002,verb
extend,1,0.002,verb
outwards,1,0.002,noun
directions,1,0.002,noun
robust,1,0.002,verb
except,1,0.002,other
quick,1,0.002,adj
lessons,1,0.002,noun
landing,1,0.002,verb
utilizing,1,0.002,adj
歌川豊国画,1,0.002,noun
trunks,1,0.002,noun
sparse,1,0.002,verb
land,1,0.002,noun
bark,1,0.002,adj
furrowed,1,0.002,verb
brow,1,0.002,noun
sternness,1,0.002,noun
allegory,1,0.002,adj
agnolo,1,0.002,noun
winged,1,0.002,verb
spreading,1,0.002,noun
arrows,1,0.002,verb
mortal,1,0.002,adj
accuracy,1,0.002,noun
noticeable,1,0.002,adj
goddesses,1,0.002,noun
able,1,0.002,adj
combine,1,0.002,adj
emerged,1,0.002,verb
innovation,1,0.002,noun
mild,1,0.002,noun
included,1,0.002,verb
grandiose,1,0.002,adj
settings,1,0.002,noun
gravity,1,0.002,noun
wild,1,0.002,adj
sometimes,1,0.002,adv
lamb,1,0.002,adj
none,1,0.002,noun
looms,1,0.002,noun
commanding,1,0.002,verb
transition,1,0.002,noun
lending,1,0.002,verb
friends,1,0.002,noun
sitter,1,0.002,adj
posing,1,0.002,verb
tde,1,0.002,noun
clasps,1,0.002,noun
nudes,1,0.002,noun
balcony,1,0.002,noun
railing,1,0.002,verb
straps,1,0.002,noun
cardigan,1,0.002,adj
shrug,1,0.002,adj
urban,1,0.002,adj
rafaela,1,0.002,noun
decadence,1,0.002,noun
ladies,1,0.002,verb
sleeveless,1,0.002,verb
summertime,1,0.002,noun
befitting,1,0.002,adj
maternity,1,0.002,noun
chaise,1,0.002,verb
lounge,1,0.002,noun
slicked,1,0.002,verb
swathed,1,0.002,verb
formed,1,0.002,verb
build,1,0.002,adj
limbs,1,0.002,noun
dove,1,0.002,other
cannot,1,0.002,verb
highlighted,1,0.002,verb
grounded,1,0.002,verb
contouring,1,0.002,noun
egyptian,1,0.002,adj
profiles,1,0.002,noun
ornamentation,1,0.002,noun
second,1,0.002,adj
jawline,1,0.002,noun
avian,1,0.002,adj
bit,1,0.002,verb
steering,1,0.002,verb
dashboard,1,0.002,noun
pen,1,0.002,adj
pencil,1,0.002,noun
writing,1,0.002,verb
sideburns,1,0.002,noun
hood,1,0.002,noun
pole,1,0.002,adj
alpine,1,0.002,noun
skiing,1,0.002,verb
snowy,1,0.002,adj
moritz,1,0.002,noun
swiss,1,0.002,adj
resort,1,0.002,noun
sports,1,0.002,noun
łempicka,1,0.002,verb
gown,1,0.002,adj
hence,1,0.002,noun
camera,1,0.002,adj
stole,1,0.002,noun
phone,1,0.002,noun
telephone,1,0.002,noun
receiver,1,0.002,noun
ear,1,0.002,verb
pillow,1,0.002,adj
corsage,1,0.002,noun
skyscrapers,1,0.002,noun
pierre,1,0.002,adj
montaut,1,0.002,adj
glasses,1,0.002,noun
professionally,1,0.002,adv
celebrates,1,0.002,verb
technology,1,0.002,noun
restrained,1,0.002,verb
intrigue,1,0.002,verb
pleated,1,0.002,verb
bring,1,0.002,noun
flatness,1,0.002,adj
outdated,1,0.002,verb
intentional,1,0.002,adj
machinery,1,0.002,noun
good,1,0.002,adj
speed,1,0.002,noun
technological,1,0.002,adj
progress,1,0.002,noun
catholic,1,0.002,adj
superior,1,0.002,adj
habit,1,0.002,noun
wimple,1,0.002,noun
scapular,1,0.002,noun
community,1,0.002,noun
calla,1,0.002,noun
lilies,1,0.002,noun
package,1,0.002,noun
sophisticated,1,0.002,verb
specified,1,0.002,adj
stringed,1,0.002,verb
torso,1,0.002,adj
spherical,1,0.002,adj
glossy,1,0.002,noun
pamphlet,1,0.002,noun
offers,1,0.002,verb
residential,1,0.002,adj
berthe,1,0.002,noun
porcelain,1,0.002,noun
polyptych,1,0.002,adj
magdalene,1,0.002,noun
angels,1,0.002,noun
again,1,0.002,adv
scrollwork,1,0.002,verb
gothic,1,0.002,adj
scripture,1,0.002,noun
passion,1,0.002,noun
gold,1,0.002,noun
underlay,1,0.002,noun
limitations,1,0.002,noun
humanistic,1,0.002,adj
otherworldly,1,0.002,adv
downcast,1,0.002,noun
encircles,1,0.002,noun
realm,1,0.002,noun
nobility,1,0.002,noun
roundel,1,0.002,noun
darkness,1,0.002,verb
founder,1,0.002,noun
dominican,1,0.002,adj
linear,1,0.002,adj
humble,1,0.002,adj
chastity,1,0.002,noun
virtues,1,0.002,noun
signify,1,0.002,verb
messiah,1,0.002,adj
denotes,1,0.002,noun
holiness,1,0.002,adj
divinity,1,0.002,noun
arch,1,0.002,verb
rays,1,0.002,noun
emanating,1,0.002,verb
distractions,1,0.002,noun
inspire,1,0.002,verb
humility,1,0.002,noun
detachment,1,0.002,adj
material,1,0.002,noun
teachings,1,0.002,noun
gesturing,1,0.002,verb
speaking,1,0.002,verb
innovations,1,0.002,noun
began,1,0.002,verb
scientifically,1,0.002,adv
previously,1,0.002,adv
prevalent,1,0.002,verb
mounted,1,0.002,verb
helmet,1,0.002,noun
guards,1,0.002,noun
prepared,1,0.002,verb
commemorating,1,0.002,verb
martial,1,0.002,adj
prowess,1,0.002,adj
memorialized,1,0.002,verb
columnar,1,0.002,noun
pilasters,1,0.002,noun
fresco,1,0.002,verb
majesty,1,0.002,adj
crucified,1,0.002,verb
suffering,1,0.002,verb
acceptance,1,0.002,noun
resignation,1,0.002,noun
mourners,1,0.002,noun
apostles,1,0.002,noun
weeping,1,0.002,verb
grief,1,0.002,adj
possible,1,0.002,adj
me,1,0.002,other
whether,1,0.002,other
cap,1,0.002,adj
worked,1,0.002,verb
virgin,1,0.002,noun
heaven,1,0.002,noun
spatial,1,0.002,adj
serving,1,0.002,verb
encased,1,0.002,verb
triptych,1,0.002,noun
diptych,1,0.002,noun
rosary,1,0.002,adj
planning,1,0.002,verb
beads,1,0.002,noun
showcase,1,0.002,noun
headwear,1,0.002,noun
aristocratic,1,0.002,adj
legend,1,0.002,noun
george,1,0.002,noun
attacking,1,0.002,verb
attack,1,0.002,noun
sword,1,0.002,noun
princess,1,0.002,noun
worried,1,0.002,verb
unfolding,1,0.002,verb
witnessed,1,0.002,verb
caused,1,0.002,adj
concern,1,0.002,noun
cloudy,1,0.002,adj
tension,1,0.002,noun
sebastián,1,0.002,noun
located,1,0.002,verb
pergola,1,0.002,noun
overcast,1,0.002,other
hazy,1,0.002,adj
phenomena,1,0.002,noun
multi,1,0.002,noun
sailed,1,0.002,verb
cast,1,0.002,noun
cows,1,0.002,noun
serve,1,0.002,verb
pastureland,1,0.002,verb
inscriptions,1,0.002,noun
execution,1,0.002,verb
coastline,1,0.002,noun
joyously,1,0.002,adv
suitable,1,0.002,adj
daytime,1,0.002,adj
ripples,1,0.002,verb
followed,1,0.002,verb
approaching,1,0.002,verb
glow,1,0.002,verb
spain,1,0.002,adj
pursuits,1,0.002,verb
wading,1,0.002,verb
float,1,0.002,noun
change,1,0.002,noun
j,1,0.002,adj
bastida,1,0.002,noun
washing,1,0.002,verb
alhambra,1,0.002,adv
granada,1,0.002,adj
gate,1,0.002,noun
ambassadors,1,0.002,noun
mentioned,1,0.002,verb
constructed,1,0.002,verb
lantern,1,0.002,adj
fixtures,1,0.002,noun
historically,1,0.002,adv
interspersed,1,0.002,verb
diffuse,1,0.002,noun
higher,1,0.002,adv
ball,1,0.002,noun
shields,1,0.002,noun
glare,1,0.002,verb
casual,1,0.002,adj
simpler,1,0.002,noun
parasols,1,0.002,noun
protecting,1,0.002,verb
seeking,1,0.002,verb
overhead,1,0.002,other
shimmering,1,0.002,verb
etiquette,1,0.002,noun
today,1,0.002,noun
reflections,1,0.002,noun
flow,1,0.002,verb
abandoned,1,0.002,verb
temporarily,1,0.002,adv
wait,1,0.002,verb
resonates,1,0.002,noun
populated,1,0.002,verb
catching,1,0.002,verb
alive,1,0.002,adj
solitary,1,0.002,adj
comparison,1,0.002,noun
oblivious,1,0.002,adj
comings,1,0.002,noun
goings,1,0.002,noun
communal,1,0.002,adj
preventing,1,0.002,noun
becoming,1,0.002,verb
washed,1,0.002,adj
feels,1,0.002,noun
overseeing,1,0.002,verb
aiming,1,0.002,verb
topography,1,0.002,noun
evoking,1,0.002,verb
timelessness,1,0.002,adj
tableau,1,0.002,noun
shelf,1,0.002,other
layering,1,0.002,verb
backsides,1,0.002,noun
interact,1,0.002,adj
candidness,1,0.002,noun
beverage,1,0.002,noun
knife,1,0.002,noun
freshly,1,0.002,adv
sliced,1,0.002,verb
filter,1,0.002,adj
orchestrated,1,0.002,verb
farmyard,1,0.002,noun
quaint,1,0.002,noun
deliberate,1,0.002,adj
terracotta,1,0.002,verb
provence,1,0.002,noun
southern,1,0.002,adj
region,1,0.002,noun
agriculture,1,0.002,noun
hills,1,0.002,noun
creams,1,0.002,noun
cezannesque,1,0.002,noun
tubular,1,0.002,adj
integrates,1,0.002,noun
perception,1,0.002,noun
stylistic,1,0.002,adj
choices,1,0.002,noun
handle,1,0.002,verb
spout,1,0.002,noun
handles,1,0.002,verb
creases,1,0.002,noun
peaches,1,0.002,noun
wine,1,0.002,noun
incorporate,1,0.002,adj
mardi,1,0.002,verb
gras,1,0.002,noun
costumes,1,0.002,noun
pierrot,1,0.002,noun
bag,1,0.002,noun
purse,1,0.002,noun
mask,1,0.002,noun
hips,1,0.002,noun
coat,1,0.002,verb
tight,1,0.002,adj
breeches,1,0.002,noun
stockings,1,0.002,noun
platform,1,0.002,verb
pensive,1,0.002,adj
brimming,1,0.002,verb
exhibiting,1,0.002,verb
varying,1,0.002,verb
complementing,1,0.002,verb
hangs,1,0.002,noun
edwardian,1,0.002,adj
stream,1,0.002,adj
classified,1,0.002,verb
tulips,1,0.002,noun
framework,1,0.002,verb
gradations,1,0.002,noun
smock,1,0.002,noun
moustache,1,0.002,noun
juxtaposed,1,0.002,verb
bunch,1,0.002,adj
papery,1,0.002,noun
skins,1,0.002,noun
condiment,1,0.002,adj
transparency,1,0.002,noun
pass,1,0.002,noun
rigorous,1,0.002,adj
geometry,1,0.002,noun
inanimate,1,0.002,noun
striped,1,0.002,verb
mainly,1,0.002,adv
organizing,1,0.002,verb
predates,1,0.002,verb
formalization,1,0.002,adj
countryside,1,0.002,verb
incorporates,1,0.002,noun
unlike,1,0.002,other
retains,1,0.002,noun
residence,1,0.002,noun
dormer,1,0.002,verb
shutters,1,0.002,noun
roofline,1,0.002,verb
businesses,1,0.002,noun
operating,1,0.002,verb
cyrillic,1,0.002,adj
slavic,1,0.002,noun
tongue,1,0.002,noun
alphabet,1,0.002,noun
это,1,0.002,noun
педиатра,1,0.002,noun
english,1,0.002,adj
office,1,0.002,noun
resolution,1,0.002,noun
conversing,1,0.002,verb
observe,1,0.002,other
curvy,1,0.002,adj
hutch,1,0.002,noun
drawers,1,0.002,noun
shelves,1,0.002,verb
compartments,1,0.002,noun
closest,1,0.002,adj
rosy,1,0.002,adj
doesn,1,0.002,noun
whimsical,1,0.002,adj
anthropomorphic,1,0.002,adj
hammer,1,0.002,noun
outstretched,1,0.002,verb
ladder,1,0.002,noun
exact,1,0.002,adj
intentions,1,0.002,noun
heavy,1,0.002,adj
fantasy,1,0.002,noun
flames,1,0.002,noun
engulfing,1,0.002,verb
heart,1,0.002,noun
home,1,0.002,noun
safe,1,0.002,adj
disbelief,1,0.002,noun
eagle,1,0.002,noun
escape,1,0.002,noun
guardian,1,0.002,adj
mythical,1,0.002,adj
creature,1,0.002,noun
grazing,1,0.002,verb
peacefully,1,0.002,adv
chaos,1,0.002,adj
sustenance,1,0.002,noun
earthly,1,0.002,adv
confines,1,0.002,noun
ideas,1,0.002,noun
lost,1,0.002,verb
societal,1,0.002,adj
upheaval,1,0.002,adj
uncle,1,0.002,noun
zusman,1,0.002,noun
occupies,1,0.002,noun
haircut,1,0.002,noun
decor,1,0.002,noun
furnishings,1,0.002,noun
wardrobe,1,0.002,verb
hats,1,0.002,noun
belongings,1,0.002,noun
rug,1,0.002,noun
pendulum,1,0.002,noun
numerals,1,0.002,noun
hours,1,0.002,noun
perimeter,1,0.002,adv
seconds,1,0.002,noun
objective,1,0.002,adj
decorations,1,0.002,noun
temptation,1,0.002,noun
guiding,1,0.002,verb
reins,1,0.002,noun
skyline,1,0.002,verb
airy,1,0.002,adj
genesis,1,0.002,noun
modesty,1,0.002,adj
academic,1,0.002,adj
events,1,0.002,noun
crook,1,0.002,noun
shepherds,1,0.002,noun
herd,1,0.002,adj
animals,1,0.002,noun
headband,1,0.002,verb
bushes,1,0.002,noun
removed,1,0.002,verb
muscle,1,0.002,noun
tissue,1,0.002,noun
hind,1,0.002,noun
snow,1,0.002,adj
european,1,0.002,adj
native,1,0.002,noun
russia,1,0.002,noun
surrealism,1,0.002,noun
know,1,0.002,verb
pansies,1,0.002,noun
tail,1,0.002,verb
ostrich,1,0.002,adj
clergyman,1,0.002,adj
spirituality,1,0.002,noun
starry,1,0.002,noun
moon,1,0.002,noun
signifying,1,0.002,verb
musical,1,0.002,adj
passage,1,0.002,noun
recurring,1,0.002,verb
implying,1,0.002,verb
living,1,0.002,adj
doña,1,0.002,adj
rosita,1,0.002,noun
morillo,1,0.002,noun
crafts,1,0.002,noun
cacti,1,0.002,noun
external,1,0.002,adj
worth,1,0.002,adj
noting,1,0.002,verb
mexican,1,0.002,adj
proportion,1,0.002,noun
tabletop,1,0.002,adj
juicy,1,0.002,noun
seeds,1,0.002,noun
peel,1,0.002,noun
addition,1,0.002,noun
plumage,1,0.002,noun
reinforces,1,0.002,noun
slices,1,0.002,noun
naive,1,0.002,adj
viva,1,0.002,other
vida,1,0.002,other
separate,1,0.002,adj
ruffle,1,0.002,noun
riverbank,1,0.002,noun
inclusion,1,0.002,noun
stride,1,0.002,adv
realized,1,0.002,verb
passionately,1,0.002,adv
singing,1,0.002,verb
microphone,1,0.002,noun
aria,1,0.002,adv
vocal,1,0.002,adj
solo,1,0.002,noun
overly,1,0.002,adv
performers,1,0.002,noun
continues,1,0.002,verb
midst,1,0.002,verb
pirouette,1,0.002,adj
skirt,1,0.002,noun
principal,1,0.002,adj
award,1,0.002,noun
excellence,1,0.002,noun
athletic,1,0.002,adj
stages,1,0.002,noun
rehearsals,1,0.002,noun
combination,1,0.002,noun
observation,1,0.002,noun
inherent,1,0.002,adj
finer,1,0.002,adj
studio,1,0.002,noun
fall,1,0.002,noun
insight,1,0.002,adj
courtyard,1,0.002,noun
pressing,1,0.002,verb
modest,1,0.002,adj
chose,1,0.002,verb
speaks,1,0.002,noun
combed,1,0.002,verb
grooming,1,0.002,verb
preparation,1,0.002,noun
combing,1,0.002,verb
private,1,0.002,adj
candid,1,0.002,adj
arrange,1,0.002,noun
intersection,1,0.002,noun
reductionist,1,0.002,noun
piet,1,0.002,adj
rectilinear,1,0.002,noun
rectangle,1,0.002,noun
reducing,1,0.002,verb
basic,1,0.002,adj
rectangular,1,0.002,adj
consisting,1,0.002,verb
axes,1,0.002,adj
ix,1,0.002,noun
exploring,1,0.002,verb
schemes,1,0.002,noun
format,1,0.002,adj
entertainers,1,0.002,noun
acrobats,1,0.002,verb
circuses,1,0.002,verb
multicolored,1,0.002,verb
patches,1,0.002,noun
patchwork,1,0.002,verb
quilt,1,0.002,adv
positioning,1,0.002,verb
shawl,1,0.002,adj
unconventional,1,0.002,adj
hairline,1,0.002,noun
experimenting,1,0.002,verb
broke,1,0.002,verb
fevr,1,0.002,noun
56,1,0.002,other
february,1,0.002,adj
1956,1,0.002,other
distill,1,0.002,noun
components,1,0.002,noun
thighs,1,0.002,verb
attributing,1,0.002,verb
documentation,1,0.002,noun
speculative,1,0.002,adj
loaf,1,0.002,noun
bread,1,0.002,noun
chores,1,0.002,noun
putting,1,0.002,verb
embellishment,1,0.002,adj
harsh,1,0.002,adj
quietness,1,0.002,noun
overlap,1,0.002,adj
reassembled,1,0.002,verb
strings,1,0.002,noun
complex,1,0.002,adj
combining,1,0.002,noun
sources,1,0.002,noun
defining,1,0.002,verb
sa,1,0.002,noun
phrase,1,0.002,noun
encouraged,1,0.002,verb
literal,1,0.002,adj
reclined,1,0.002,verb
olga,1,0.002,noun
ledge,1,0.002,noun
versatility,1,0.002,noun
movements,1,0.002,noun
proficient,1,0.002,verb
unselfconscious,1,0.002,adj
therefore,1,0.002,adv
seashore,1,0.002,adv
supine,1,0.002,verb
pair,1,0.002,noun
shorts,1,0.002,noun
stretching,1,0.002,verb
few,1,0.002,adj
bringing,1,0.002,verb
securely,1,0.002,adv
embrace,1,0.002,adj
tenderness,1,0.002,adj
victory,1,0.002,noun
trying,1,0.002,verb
competition,1,0.002,noun
camaraderie,1,0.002,noun
contrapposto,1,0.002,noun
revolutionary,1,0.002,adj
provoking,1,0.002,verb
paying,1,0.002,verb
homage,1,0.002,noun
produce,1,0.002,noun
lovers,1,0.002,noun
described,1,0.002,verb
rooted,1,0.002,adj
romance,1,0.002,noun
neoclassic,1,0.002,adj
orderliness,1,0.002,noun
structured,1,0.002,verb
led,1,0.002,verb
ride,1,0.002,noun
corresponds,1,0.002,verb
ten,1,0.002,adj
paulo,1,0.002,noun
autograph,1,0.002,adj
oval,1,0.002,adj
surrealist,1,0.002,noun
eyelashes,1,0.002,noun
pursed,1,0.002,verb
labeled,1,0.002,verb
diagonally,1,0.002,adv
strands,1,0.002,verb
scenario,1,0.002,noun
attribution,1,0.002,noun
proponent,1,0.002,noun
disconnected,1,0.002,verb
first,1,0.002,adj
glance,1,0.002,noun
explores,1,0.002,noun
views,1,0.002,verb
simultaneously,1,0.002,adv
resonance,1,0.002,noun
defy,1,0.002,noun
d,1,0.002,noun
tiers,1,0.002,noun
p,1,0.002,verb
correspond,1,0.002,noun
experimented,1,0.002,verb
solely,1,0.002,adv
housed,1,0.002,verb
empty,1,0.002,adj
figurines,1,0.002,noun
sculptures,1,0.002,noun
frequented,1,0.002,verb
vases,1,0.002,noun
potted,1,0.002,verb
aware,1,0.002,adj
fluffs,1,0.002,noun
distribution,1,0.002,noun
earring,1,0.002,verb
resorting,1,0.002,verb
cozy,1,0.002,adj
cushions,1,0.002,noun
lit,1,0.002,verb
daylight,1,0.002,adj
liveliness,1,0.002,adv
mantlepiece,1,0.002,adv
richness,1,0.002,noun
photograph,1,0.002,noun
romania,1,0.002,noun
ochre,1,0.002,adj
peach,1,0.002,noun
tablecloth,1,0.002,other
destiny,1,0.002,verb
energetic,1,0.002,adj
depending,1,0.002,verb
assemble,1,0.002,adj
control,1,0.002,noun
environments,1,0.002,noun
ecosystems,1,0.002,verb
analysis,1,0.002,noun
irregular,1,0.002,adj
exhibits,1,0.002,noun
dining,1,0.002,noun
toboggan,1,0.002,noun
pages,1,0.002,noun
band,1,0.002,verb
page,1,0.002,noun
cover,1,0.002,noun
f,1,0.002,adj
framing,1,0.002,verb
simplify,1,0.002,noun
statements,1,0.002,noun
asia,1,0.002,adj
cutlery,1,0.002,noun
fills,1,0.002,verb
mer,1,0.002,noun
sizes,1,0.002,verb
swim,1,0.002,adj
coral,1,0.002,adj
developed,1,0.002,verb
oceanic,1,0.002,adj
suggestive,1,0.002,adj
mysterious,1,0.002,adj
transform,1,0.002,noun
exhibition,1,0.002,noun
surround,1,0.002,noun
thigh,1,0.002,other
touching,1,0.002,verb
negative,1,0.002,adj
exhibit,1,0.002,noun
nu,1,0.002,adj
bleu,1,0.002,noun
1952,1,0.002,other
career,1,0.002,noun
stool,1,0.002,noun
reduction,1,0.002,noun
influential,1,0.002,adj
retaining,1,0.002,verb
gestural,1,0.002,adj
practices,1,0.002,noun
peppers,1,0.002,noun
relation,1,0.002,verb
aesthetically,1,0.002,adv
pleasing,1,0.002,verb
isolate,1,0.002,noun
integrated,1,0.002,verb
customize,1,0.002,noun
docks,1,0.002,noun
boathouse,1,0.002,verb
beachfront,1,0.002,adj
property,1,0.002,noun
invitation,1,0.002,noun
repetitive,1,0.002,adj
produced,1,0.002,verb
masts,1,0.002,noun
conceptual,1,0.002,adj
penchant,1,0.002,adj
engages,1,0.002,noun
participate,1,0.002,verb
campbell,1,0.002,noun
condensed,1,0.002,verb
beef,1,0.002,noun
noodle,1,0.002,adj
product,1,0.002,noun
capitalized,1,0.002,verb
letters,1,0.002,noun
handwritten,1,0.002,verb
number,1,0.002,noun
19,1,0.002,other
dollar,1,0.002,noun
price,1,0.002,noun
sale,1,0.002,noun
value,1,0.002,noun
products,1,0.002,noun
cans,1,0.002,verb
decades,1,0.002,noun
labels,1,0.002,noun
logo,1,0.002,noun
authentic,1,0.002,adj
educational,1,0.002,adj
greenish,1,0.002,adj
cartoon,1,0.002,noun
gradients,1,0.002,noun
eyed,1,0.002,verb
eyeliner,1,0.002,adj
stylization,1,0.002,noun
coloration,1,0.002,noun
glamorous,1,0.002,adj
instantly,1,0.002,adv
transformed,1,0.002,adj
statement,1,0.002,noun
relies,1,0.002,noun
monroe,1,0.002,adj
cinema,1,0.002,noun
pine,1,0.002,noun
barren,1,0.002,noun
294,1,0.002,other
endangered,1,0.002,adj
species,1,0.002,noun
suite,1,0.002,adj
screen,1,0.002,verb
separating,1,0.002,verb
easily,1,0.002,adv
dual,1,0.002,adj
plays,1,0.002,noun
consumerism,1,0.002,noun
comment,1,0.002,noun
celebrity,1,0.002,noun
eyebrows,1,0.002,noun
bunnies,1,0.002,noun
respectively,1,0.002,adv
contains,1,0.002,noun
playboy,1,0.002,verb
heads,1,0.002,noun
reigning,1,0.002,verb
queens,1,0.002,noun
icons,1,0.002,noun
cab,1,0.002,verb
simplistic,1,0.002,adj
row,1,0.002,noun
passenger,1,0.002,noun
tour,1,0.002,verb
bus,1,0.002,noun
yellowish,1,0.002,adj
announcement,1,0.002,noun
transportation,1,0.002,noun
vehicles,1,0.002,noun
denmark,1,0.002,noun
tiara,1,0.002,noun
mark,1,0.002,noun
definitively,1,0.002,adv
incorporating,1,0.002,verb
indian,1,0.002,adj
stern,1,0.002,noun
treated,1,0.002,adj
real,1,0.002,adj
cuffs,1,0.002,noun
wealthy,1,0.002,adj
dona,1,0.002,noun
antonia,1,0.002,noun
ipenarrieta,1,0.002,noun
galdos,1,0.002,noun
covering,1,0.002,verb
mourning,1,0.002,verb
commissioned,1,0.002,verb
stature,1,0.002,noun
military,1,0.002,adj
gun,1,0.002,noun
pointing,1,0.002,verb
loyal,1,0.002,adj
attentive,1,0.002,adj
remarkable,1,0.002,adj
talent,1,0.002,noun
ruff,1,0.002,noun
embellishments,1,0.002,noun
isabel,1,0.002,verb
isabella,1,0.002,noun
imparts,1,0.002,noun
aimed,1,0.002,verb
personality,1,0.002,noun
antlers,1,0.002,noun
deer,1,0.002,verb
wispy,1,0.002,noun
lifted,1,0.002,verb
mane,1,0.002,noun
blowing,1,0.002,verb
wind,1,0.002,noun
saddle,1,0.002,adj
horses,1,0.002,noun
charged,1,0.002,verb
naked,1,0.002,adj
admiring,1,0.002,verb
ribbon,1,0.002,noun
fancy,1,0.002,noun
allusions,1,0.002,noun
sensual,1,0.002,adj
collection,1,0.002,noun
national,1,0.002,adj
gallery,1,0.002,noun
london,1,0.002,noun
category,1,0.002,noun
lean,1,0.002,adj
days,1,0.002,noun
faded,1,0.002,verb
age,1,0.002,noun
weathering,1,0.002,verb
lawn,1,0.002,noun
fog,1,0.002,noun
rained,1,0.002,verb
wetness,1,0.002,adj
hear,1,0.002,adj
raindrops,1,0.002,verb
puddles,1,0.002,noun
mixed,1,0.002,adj
stories,1,0.002,noun
hold,1,0.002,verb
sounds,1,0.002,noun
smells,1,0.002,verb
rain,1,0.002,verb
re,1,0.002,noun
fashioned,1,0.002,verb
silhouetted,1,0.002,adj
streetlamp,1,0.002,noun
suburb,1,0.002,noun
transitioning,1,0.002,verb
relying,1,0.002,verb
snapshot,1,0.002,adj
exterior,1,0.002,adj
find,1,0.002,verb
longing,1,0.002,verb
rooms,1,0.002,noun
coexistence,1,0.002,noun
ambition,1,0.002,noun
defines,1,0.002,noun
costumed,1,0.002,verb
elaborately,1,0.002,adv
eyeshadow,1,0.002,adj
roles,1,0.002,noun
priestley,1,0.002,verb
curls,1,0.002,noun
noteworthy,1,0.002,adj
lamplight,1,0.002,noun
skilled,1,0.002,verb
kept,1,0.002,adj
minimum,1,0.002,adj
composite,1,0.002,adj
credited,1,0.002,verb
unnatural,1,0.002,adj
inconsistent,1,0.002,noun
standards,1,0.002,noun
collage,1,0.002,noun
resemblance,1,0.002,noun
expect,1,0.002,verb
fails,1,0.002,verb
applies,1,0.002,noun
foundation,1,0.002,noun
support,1,0.002,noun
shaded,1,0.002,verb
capitals,1,0.002,noun
palaces,1,0.002,noun
previous,1,0.002,adj
skewed,1,0.002,verb
venetian,1,0.002,adj
di,1,0.002,noun
castello,1,0.002,noun
majestically,1,0.002,adv
waters,1,0.002,verb
canal,1,0.002,adj
runs,1,0.002,noun
represented,1,0.002,verb
balconies,1,0.002,noun
reminding,1,0.002,verb
successfully,1,0.002,adv
completely,1,0.002,adv
picture,1,0.002,adj
accented,1,0.002,verb
embroidering,1,0.002,verb
cushioned,1,0.002,verb
distinguishing,1,0.002,verb
marks,1,0.002,noun
company,1,0.002,noun
nighttime,1,0.002,adv
fanning,1,0.002,verb
oneself,1,0.002,other
moses,1,0.002,verb
dreyfus,1,0.002,adj
played,1,0.002,verb
ankles,1,0.002,noun
required,1,0.002,verb
accessory,1,0.002,adj
opera,1,0.002,noun
patrons,1,0.002,noun
boxes,1,0.002,noun
employs,1,0.002,verb
notable,1,0.002,adj
sheen,1,0.002,noun
mores,1,0.002,noun
naturalness,1,0.002,adj
classes,1,0.002,noun
youth,1,0.002,adv
daydreaming,1,0.002,verb
crocheting,1,0.002,verb
knitting,1,0.002,verb
hook,1,0.002,noun
bonnet,1,0.002,noun
spring,1,0.002,noun
heartwarming,1,0.002,verb
grandchildren,1,0.002,noun
generations,1,0.002,noun
impressionists,1,0.002,verb
blooming,1,0.002,verb
nearby,1,0.002,adv
precisely,1,0.002,adv
homes,1,0.002,noun
susan,1,0.002,adj
toque,1,0.002,adj
aging,1,0.002,verb
bucket,1,0.002,noun
spade,1,0.002,verb
sandcastles,1,0.002,noun
toys,1,0.002,noun
idly,1,0.002,adv
playmate,1,0.002,verb
wear,1,0.002,adj
sisters,1,0.002,noun
doll,1,0.002,verb
splash,1,0.002,adj
picking,1,0.002,verb
relationship,1,0.002,noun
charming,1,0.002,verb
bygone,1,0.002,noun
cutting,1,0.002,verb
vessel,1,0.002,noun
adjacent,1,0.002,adj
paired,1,0.002,adj
matching,1,0.002,adj
nice,1,0.002,adj
third,1,0.002,adj
delightful,1,0.002,adj
cleverly,1,0.002,adv
pastimes,1,0.002,noun
desk,1,0.002,verb
apparent,1,0.002,adj
filters,1,0.002,noun
waterfowl,1,0.002,verb
midground,1,0.002,adj
auburn,1,0.002,verb
voluminous,1,0.002,adj
blanket,1,0.002,noun
slumber,1,0.002,noun
sleeping,1,0.002,verb
positions,1,0.002,noun
caregiving,1,0.002,verb
meal,1,0.002,noun
breakfast,1,0.002,noun
brought,1,0.002,verb
finger,1,0.002,noun
embraced,1,0.002,verb
bouncing,1,0.002,noun
bounced,1,0.002,verb
pattycake,1,0.002,noun
carved,1,0.002,verb
comforting,1,0.002,verb
admiration,1,0.002,noun
smile,1,0.002,adj
pride,1,0.002,noun
leans,1,0.002,verb
curious,1,0.002,adj
effortless,1,0.002,noun
unforced,1,0.002,verb
alfred,1,0.002,adj
lavergne,1,0.002,noun
born,1,0.002,verb
magdalena,1,0.002,adj
mellon,1,0.002,noun
collared,1,0.002,verb
will,1,0.002,other
puzzled,1,0.002,verb
teaching,1,0.002,verb
garments,1,0.002,noun
valued,1,0.002,verb
allow,1,0.002,adj
poignant,1,0.002,noun
profound,1,0.002,noun
families,1,0.002,noun
blush,1,0.002,verb
cheeks,1,0.002,noun
blur,1,0.002,adj
predominance,1,0.002,noun
harmonize,1,0.002,verb
misnomer,1,0.002,noun
daughter,1,0.002,verb
peacefulness,1,0.002,adj
proper,1,0.002,other
challenging,1,0.002,verb
isn,1,0.002,noun
illuminated,1,0.002,verb
frilled,1,0.002,adj
trimmings,1,0.002,noun
special,1,0.002,adj
trimmed,1,0.002,verb
preparatory,1,0.002,adj
boasts,1,0.002,noun
draw,1,0.002,verb
chalk,1,0.002,noun
charles,1,0.002,noun
dikran,1,0.002,verb
kelekian,1,0.002,adj
circle,1,0.002,noun
acquaintances,1,0.002,noun
softened,1,0.002,verb
pet,1,0.002,adj
upon,1,0.002,other
unusual,1,0.002,adj
asymmetrical,1,0.002,adj
dreamscape,1,0.002,noun
interpreting,1,0.002,verb
storm,1,0.002,noun
occurring,1,0.002,verb
tumultuous,1,0.002,adj
landmark,1,0.002,noun
great,1,0.002,adj
kanagawa,1,0.002,verb
crest,1,0.002,adj
curling,1,0.002,verb
vessels,1,0.002,noun
stability,1,0.002,noun
chaotic,1,0.002,adj
variation,1,0.002,noun
hodogaya,1,0.002,noun
journeying,1,0.002,verb
travel,1,0.002,noun
bundles,1,0.002,noun
packages,1,0.002,verb
arriving,1,0.002,verb
highway,1,0.002,noun
connecting,1,0.002,verb
tokyo,1,0.002,adj
kyoto,1,0.002,noun
scenic,1,0.002,adj
primary,1,0.002,adj
route,1,0.002,noun
merchants,1,0.002,noun
shrine,1,0.002,verb
occasional,1,0.002,adj
blobs,1,0.002,verb
landed,1,0.002,verb
ink,1,0.002,noun
printed,1,0.002,verb
viewed,1,0.002,adj
ornaments,1,0.002,noun
kimono,1,0.002,verb
embellished,1,0.002,verb
goes,1,0.002,verb
seal,1,0.002,adj
identifies,1,0.002,noun
volcanoes,1,0.002,noun
erupting,1,0.002,verb
billowing,1,0.002,verb
witnessing,1,0.002,verb
spectacle,1,0.002,noun
escaping,1,0.002,verb
poetic,1,0.002,adj
personifies,1,0.002,noun
graces,1,0.002,noun
beige,1,0.002,verb
effort,1,0.002,noun
likeness,1,0.002,noun
sensitive,1,0.002,adj
pre,1,0.002,noun
raphaelite,1,0.002,adj
reddish,1,0.002,adj
manuscript,1,0.002,noun
overgrown,1,0.002,other
candle,1,0.002,adj
arles,1,0.002,noun
south,1,0.002,adv
lifeglow,1,0.002,verb
blooms,1,0.002,noun
langlois,1,0.002,noun
docked,1,0.002,verb
width,1,0.002,adj
railings,1,0.002,noun
pedestrians,1,0.002,noun
openness,1,0.002,adj
counterpoint,1,0.002,noun
paris,1,0.002,noun
bored,1,0.002,verb
sailor,1,0.002,noun
bedding,1,0.002,noun
flanked,1,0.002,verb
upholstered,1,0.002,adj
bathed,1,0.002,verb
hospital,1,0.002,noun
letting,1,0.002,verb
end,1,0.002,noun
glimpsed,1,0.002,verb
doors,1,0.002,noun
documents,1,0.002,noun
institutional,1,0.002,adj
staircase,1,0.002,noun
woven,1,0.002,adv
seat,1,0.002,verb
complementary,1,0.002,adj
disrepair,1,0.002,noun
strikingly,1,0.002,adv
horns,1,0.002,verb
imposing,1,0.002,verb
stained,1,0.002,verb
aggressive,1,0.002,adj
associations,1,0.002,noun
rams,1,0.002,verb
juxtaposition,1,0.002,noun
irony,1,0.002,noun
surprise,1,0.002,noun
actaea,1,0.002,noun
nymph,1,0.002,noun
dolphins,1,0.002,verb
vesuvius,1,0.002,adj
naples,1,0.002,noun
italy,1,0.002,verb
transitions,1,0.002,noun
warmer,1,0.002,verb
help,1,0.002,noun
shift,1,0.002,verb
cats,1,0.002,noun
shorthair,1,0.002,adj
tabby,1,0.002,adj
graphics,1,0.002,noun
advertising,1,0.002,verb
com,1,0.002,noun
explained,1,0.002,verb
your,1,0.002,other
acronym,1,0.002,adj
abbreviation,1,0.002,noun
beetle,1,0.002,noun
rounded,1,0.002,verb
compact,1,0.002,adj
utilized,1,0.002,adj
goods,1,0.002,noun
stating,1,0.002,verb
citrus,1,0.002,noun
tangerines,1,0.002,noun
dish,1,0.002,adj
intact,1,0.002,adj
segments,1,0.002,noun
decoration,1,0.002,noun
bent,1,0.002,noun
elbow,1,0.002,noun
waterfall,1,0.002,adj
subtropical,1,0.002,adj
separation,1,0.002,noun
exposed,1,0.002,verb
asleep,1,0.002,adj
sensuality,1,0.002,noun
tahitian,1,0.002,adj
otherworldliness,1,0.002,noun
modernistic,1,0.002,noun
deceased,1,0.002,verb
loved,1,0.002,adj
ancestor,1,0.002,noun
always,1,0.002,adv
regions,1,0.002,noun
tahiti,1,0.002,verb
annah,1,0.002,other
javanese,1,0.002,adj
monkey,1,0.002,adj
foot,1,0.002,adj
cloisonnist,1,0.002,noun
dirt,1,0.002,noun
towering,1,0.002,verb
rise,1,0.002,noun
island,1,0.002,noun
stretched,1,0.002,verb
exhaustion,1,0.002,noun
king,1,0.002,noun
indicators,1,0.002,noun
muse,1,0.002,noun
cherubs,1,0.002,noun
putti,1,0.002,verb
response,1,0.002,noun
wonder,1,0.002,noun
sublime,1,0.002,adj
luxembourg,1,0.002,noun
lion,1,0.002,noun
pedestal,1,0.002,adj
paths,1,0.002,noun
leighton,1,0.002,noun
frederic,1,0.002,adj
demonstrating,1,0.002,verb
faticida,1,0.002,noun
drew,1,0.002,verb
refer,1,0.002,adj
concept,1,0.002,noun
understand,1,0.002,adj
intent,1,0.002,noun
annunciation,1,0.002,noun
surprised,1,0.002,verb
paid,1,0.002,verb
appropriate,1,0.002,adj
cushion,1,0.002,noun
floats,1,0.002,noun
flowering,1,0.002,verb
bush,1,0.002,noun
blossoming,1,0.002,verb
breeze,1,0.002,noun
sadness,1,0.002,noun
individualism,1,0.002,noun
fiammetta,1,0.002,noun
dante,1,0.002,noun
gabriel,1,0.002,noun
exquisite,1,0.002,adj
adorning,1,0.002,verb
crouched,1,0.002,verb
furry,1,0.002,adj
god,1,0.002,adj
sexuality,1,0.002,noun
wilderness,1,0.002,noun
burne,1,0.002,noun
jones,1,0.002,noun
marble,1,0.002,adv
lightly,1,0.002,adv
symphony,1,0.002,adj
cara,1,0.002,noun
sophia,1,0.002,noun
köhler,1,0.002,noun
née,1,0.002,adj
goldammer,1,0.002,noun
handbag,1,0.002,noun
anticipation,1,0.002,noun
braids,1,0.002,noun
halbindianerin,1,0.002,verb
mit,1,0.002,noun
früchten,1,0.002,adj
liza,1,0.002,adj
painterly,1,0.002,adv
train,1,0.002,adj
cream,1,0.002,noun
wassily,1,0.002,adv
kandinsky,1,0.002,verb
share,1,0.002,noun
vary,1,0.002,adj
because,1,0.002,other
random,1,0.002,noun
