word,count,percentage
the,4377,8.6737
a,2176,4.3121
of,1977,3.9177
and,1758,3.4837
is,1223,2.4236
to,958,1.8984
in,930,1.8429
with,914,1.8112
that,617,1.2227
s,538,1.0661
or,492,0.975
on,483,0.9571
her,458,0.9076
be,402,0.7966
style,368,0.7292
which,361,0.7154
are,356,0.7055
image,349,0.6916
an,334,0.6619
by,331,0.6559
artwork,312,0.6183
as,283,0.5608
art,282,0.5588
this,276,0.5469
painting,275,0.545
color,240,0.4756
colors,228,0.4518
background,224,0.4439
appears,212,0.4201
scene,204,0.4043
depicts,198,0.3924
woman,197,0.3904
she,197,0.3904
it,184,0.3646
its,183,0.3626
sense,180,0.3567
light,175,0.3468
figure,174,0.3448
overall,170,0.3369
there,170,0.3369
from,168,0.3329
for,166,0.329
use,162,0.321
features,160,0.3171
characteristic,144,0.2854
has,136,0.2695
his,129,0.2556
at,128,0.2537
artist,125,0.2477
what,122,0.2418
suggesting,119,0.2358
one,112,0.2219
characterized,110,0.218
life,109,0.216
visible,107,0.212
bold,107,0.212
composition,104,0.2061
tones,101,0.2001
right,100,0.1982
palette,99,0.1962
figures,98,0.1942
vibrant,98,0.1942
impressionist,95,0.1883
subject,94,0.1863
piece,92,0.1823
typical,91,0.1803
often,91,0.1803
lines,90,0.1783
their,90,0.1783
movement,89,0.1764
attire,89,0.1764
hair,88,0.1744
setting,88,0.1744
elements,88,0.1744
blue,88,0.1744
deco,83,0.1645
dress,82,0.1625
known,82,0.1625
suggests,81,0.1605
soft,81,0.1605
left,81,0.1605
work,80,0.1585
depth,78,0.1546
face,78,0.1546
white,77,0.1526
seated,76,0.1506
detail,76,0.1506
red,76,0.1506
side,76,0.1506
wearing,75,0.1486
brushstrokes,75,0.1486
also,74,0.1466
expression,74,0.1466
was,74,0.1466
depicted,74,0.1466
rendered,73,0.1447
other,73,0.1447
loose,73,0.1447
dressed,71,0.1407
possibly,71,0.1407
attention,70,0.1387
could,69,0.1367
seems,69,0.1367
within,69,0.1367
form,68,0.1348
adding,68,0.1348
central,68,0.1348
two,68,0.1348
warm,67,0.1328
focus,67,0.1328
title,67,0.1328
child,67,0.1328
portrait,66,0.1308
not,66,0.1308
used,66,0.1308
viewer,65,0.1288
shapes,65,0.1288
creating,64,0.1268
like,62,0.1229
captures,60,0.1189
titled,60,0.1189
against,60,0.1189
adds,59,0.1169
atmosphere,59,0.1169
moment,59,0.1169
around,58,0.1149
genre,58,0.1149
flowers,58,0.1149
impressionism,58,0.1149
dark,58,0.1149
emphasis,57,0.113
towards,57,0.113
young,57,0.113
might,56,0.111
contrast,56,0.111
such,56,0.111
representation,55,0.109
details,55,0.109
adorned,54,0.107
forms,54,0.107
serene,54,0.107
clothing,53,0.105
period,53,0.105
he,53,0.105
but,52,0.103
you,52,0.103
through,52,0.103
over,51,0.1011
quality,51,0.1011
simple,50,0.0991
head,50,0.0991
suggest,50,0.0991
while,50,0.0991
abstract,49,0.0971
nature,49,0.0971
indicating,49,0.0971
shadow,49,0.0971
girl,49,0.0971
small,47,0.0931
post,47,0.0931
signature,47,0.0931
mary,47,0.0931
ve,46,0.0912
green,46,0.0912
bright,46,0.0912
corner,46,0.0912
water,45,0.0892
capturing,45,0.0892
yellow,45,0.0892
includes,45,0.0892
mood,45,0.0892
body,44,0.0872
stylized,44,0.0872
than,44,0.0872
between,44,0.0872
they,44,0.0872
hues,43,0.0852
who,43,0.0852
cassatt,43,0.0852
both,42,0.0832
three,42,0.0832
rather,42,0.0832
associated,42,0.0832
provided,41,0.0812
out,41,0.0812
hat,41,0.0812
sky,41,0.0812
various,41,0.0812
where,41,0.0812
pop,41,0.0812
into,40,0.0793
large,40,0.0793
another,40,0.0793
perhaps,39,0.0773
dynamic,39,0.0773
filled,39,0.0773
matisse,39,0.0773
create,38,0.0753
realistic,38,0.0753
looking,38,0.0753
giving,37,0.0733
human,37,0.0733
natural,37,0.0733
created,37,0.0733
traditional,37,0.0733
can,37,0.0733
holds,36,0.0713
hand,36,0.0713
these,36,0.0713
reminiscent,36,0.0713
classical,36,0.0713
flat,36,0.0713
warhol,36,0.0713
patterns,35,0.0694
essence,35,0.0694
works,35,0.0694
subjects,35,0.0694
still,35,0.0694
some,35,0.0694
geometric,34,0.0674
slightly,34,0.0674
quiet,34,0.0674
rich,34,0.0674
renaissance,34,0.0674
table,34,0.0674
subtle,33,0.0654
more,33,0.0654
effect,33,0.0654
gives,33,0.0654
time,33,0.0654
during,33,0.0654
them,33,0.0654
technique,33,0.0654
long,32,0.0634
muted,32,0.0634
featuring,32,0.0634
providing,32,0.0634
man,32,0.0634
brushwork,32,0.0634
along,32,0.0634
early,32,0.0634
top,31,0.0614
standing,31,0.0614
stands,31,0.0614
behind,31,0.0614
indicative,31,0.0614
context,31,0.0614
intricate,30,0.0594
striking,30,0.0594
yet,30,0.0594
texture,30,0.0594
bottom,30,0.0594
high,30,0.0594
common,30,0.0594
pose,30,0.0594
wears,30,0.0594
emphasizes,30,0.0594
picasso,30,0.0594
chair,29,0.0575
evident,29,0.0575
clear,29,0.0575
landscape,29,0.0575
contributing,29,0.0575
room,29,0.0575
portrays,28,0.0555
painted,28,0.0555
elegance,28,0.0555
way,28,0.0555
clean,28,0.0555
part,28,0.0555
further,28,0.0555
space,28,0.0555
colored,28,0.0555
pastel,28,0.0555
including,28,0.0555
emphasizing,28,0.0555
gentle,28,0.0555
architectural,27,0.0535
give,27,0.0535
indicated,27,0.0535
well,27,0.0535
likely,27,0.0535
facial,27,0.0535
lighting,27,0.0535
holding,27,0.0535
depiction,27,0.0535
capture,27,0.0535
expressionist,26,0.0515
objects,26,0.0515
detailed,26,0.0515
may,26,0.0515
contrasts,26,0.0515
women,26,0.0515
element,26,0.0515
artistic,25,0.0495
impression,25,0.0495
contemplation,25,0.0495
turned,25,0.0495
subdued,25,0.0495
simplicity,25,0.0495
strong,25,0.0495
without,25,0.0495
frame,25,0.0495
beach,25,0.0495
flowing,24,0.0476
interpreted,24,0.0476
no,24,0.0476
dominated,24,0.0476
focusing,24,0.0476
contrasting,24,0.0476
shades,24,0.0476
structure,24,0.0476
creates,24,0.0476
collar,24,0.0476
dramatic,24,0.0476
historical,24,0.0476
center,24,0.0476
manner,24,0.0476
above,24,0.0476
presence,24,0.0476
styled,24,0.0476
impressionistic,24,0.0476
henri,24,0.0476
emotion,23,0.0456
garment,23,0.0456
hands,23,0.0456
earth,23,0.0456
aesthetic,23,0.0456
foliage,23,0.0456
visual,23,0.0456
fruit,23,0.0456
outlines,23,0.0456
foreground,23,0.0456
house,23,0.0456
blues,23,0.0456
de,23,0.0456
contemplative,23,0.0456
interplay,23,0.0456
perspective,23,0.0456
andy,23,0.0456
distinctive,22,0.0436
pattern,22,0.0436
convey,22,0.0436
darker,22,0.0436
dominating,22,0.0436
lower,22,0.0436
trees,22,0.0436
profile,22,0.0436
resting,22,0.0436
lempicka,22,0.0436
sitting,22,0.0436
draped,22,0.0436
everyday,22,0.0436
shows,22,0.0436
cezanne,22,0.0436
elegant,21,0.0416
appearance,21,0.0416
approach,21,0.0416
matter,21,0.0416
up,21,0.0416
floral,21,0.0416
appear,21,0.0416
seen,21,0.0416
reflecting,21,0.0416
gaze,21,0.0416
person,21,0.0416
open,21,0.0416
lace,21,0.0416
elongated,20,0.0396
tranquility,20,0.0396
focused,20,0.0396
due,20,0.0396
surface,20,0.0396
across,20,0.0396
fruits,20,0.0396
each,20,0.0396
backdrop,20,0.0396
beauty,20,0.0396
prominent,20,0.0396
scenes,20,0.0396
era,20,0.0396
back,20,0.0396
about,20,0.0396
domestic,20,0.0396
paul,20,0.0396
expressive,20,0.0396
black,19,0.0377
emotional,19,0.0377
reflects,19,0.0377
ukiyo,19,0.0377
e,19,0.0377
near,19,0.0377
areas,19,0.0377
being,19,0.0377
fabric,19,0.0377
tamara,19,0.0377
intimate,19,0.0377
add,19,0.0377
something,19,0.0377
window,19,0.0377
lush,19,0.0377
if,19,0.0377
boats,19,0.0377
particular,18,0.0357
individual,18,0.0357
minimalistic,18,0.0357
pink,18,0.0357
surrounding,18,0.0357
japanese,18,0.0357
shading,18,0.0357
peaceful,18,0.0357
executed,18,0.0357
particularly,18,0.0357
posture,18,0.0357
captured,18,0.0357
interior,18,0.0357
fashion,18,0.0357
relaxed,18,0.0357
reds,18,0.0357
shown,18,0.0357
bowl,18,0.0357
realism,18,0.0357
have,18,0.0357
text,18,0.0357
sea,18,0.0357
naïve,18,0.0357
sophistication,17,0.0337
enhancing,17,0.0337
decorative,17,0.0337
simplified,17,0.0337
see,17,0.0337
theme,17,0.0337
somewhat,17,0.0337
textures,17,0.0337
suggested,17,0.0337
religious,17,0.0337
contribute,17,0.0337
us,17,0.0337
vivid,17,0.0337
arms,17,0.0337
limited,17,0.0337
mother,17,0.0337
tranquil,17,0.0337
horse,17,0.0337
pablo,17,0.0337
character,16,0.0317
similar,16,0.0317
lap,16,0.0317
ability,16,0.0317
shoulders,16,0.0317
under,16,0.0317
almost,16,0.0317
drawing,16,0.0317
next,16,0.0317
greens,16,0.0317
arm,16,0.0317
wall,16,0.0317
evoke,16,0.0317
engaged,16,0.0317
outdoor,16,0.0317
most,16,0.0317
garden,16,0.0317
ballet,16,0.0317
van,16,0.0317
gogh,16,0.0317
eyes,15,0.0297
skin,15,0.0297
hints,15,0.0297
flower,15,0.0297
surroundings,15,0.0297
play,15,0.0297
given,15,0.0297
directed,15,0.0297
late,15,0.0297
children,15,0.0297
narrative,15,0.0297
portraiture,15,0.0297
here,15,0.0297
themes,15,0.0297
gently,15,0.0297
yellows,15,0.0297
upper,15,0.0297
highlights,15,0.0297
design,15,0.0297
view,15,0.0297
vase,15,0.0297
book,15,0.0297
been,15,0.0297
building,15,0.0297
chagall,15,0.0297
tender,15,0.0297
iconic,15,0.0297
female,14,0.0277
nude,14,0.0277
intensity,14,0.0277
represent,14,0.0277
additional,14,0.0277
ground,14,0.0277
paintings,14,0.0277
signed,14,0.0277
itself,14,0.0277
would,14,0.0277
positioned,14,0.0277
styles,14,0.0277
when,14,0.0277
lighter,14,0.0277
provide,14,0.0277
off,14,0.0277
effects,14,0.0277
fine,14,0.0277
dimensional,14,0.0277
solid,14,0.0277
different,14,0.0277
culture,14,0.0277
named,13,0.0258
painter,13,0.0258
predominantly,13,0.0258
significant,13,0.0258
line,13,0.0258
does,13,0.0258
dimensionality,13,0.0258
consistent,13,0.0258
full,13,0.0258
prominently,13,0.0258
several,13,0.0258
either,13,0.0258
drapery,13,0.0258
depicting,13,0.0258
directly,13,0.0258
facing,13,0.0258
introspection,13,0.0258
conveys,13,0.0258
fleeting,13,0.0258
shadows,13,0.0258
bench,13,0.0258
front,13,0.0258
throughout,13,0.0258
greenery,13,0.0258
touch,13,0.0258
fluid,13,0.0258
feel,12,0.0238
just,12,0.0238
indeed,12,0.0238
we,12,0.0238
quite,12,0.0238
viewers,12,0.0238
falls,12,0.0238
focuses,12,0.0238
architecture,12,0.0238
shape,12,0.0238
set,12,0.0238
allowing,12,0.0238
calm,12,0.0238
level,12,0.0238
folds,12,0.0238
innocence,12,0.0238
artists,12,0.0238
status,12,0.0238
area,12,0.0238
st,12,0.0238
all,12,0.0238
clouds,12,0.0238
down,12,0.0238
placed,12,0.0238
hint,12,0.0238
motion,12,0.0238
waves,12,0.0238
gazes,12,0.0238
popular,12,0.0238
outside,12,0.0238
sleeves,12,0.0238
away,12,0.0238
cut,12,0.0238
influence,12,0.0238
specific,12,0.0238
unique,12,0.0238
cubist,12,0.0238
distinct,12,0.0238
degas,12,0.0238
grid,12,0.0238
orange,11,0.0218
leaves,11,0.0218
exudes,11,0.0218
done,11,0.0218
feature,11,0.0218
portraits,11,0.0218
showcases,11,0.0218
expressionism,11,0.0218
contributes,11,0.0218
despite,11,0.0218
purple,11,0.0218
close,11,0.0218
hokusai,11,0.0218
representing,11,0.0218
boat,11,0.0218
enhances,11,0.0218
showcasing,11,0.0218
deep,11,0.0218
certain,11,0.0218
strokes,11,0.0218
many,11,0.0218
family,11,0.0218
symmetry,11,0.0218
aligns,11,0.0218
modernity,11,0.0218
formal,11,0.0218
contours,11,0.0218
looks,11,0.0218
study,11,0.0218
volume,11,0.0218
feathers,11,0.0218
bouquet,11,0.0218
presents,11,0.0218
leading,11,0.0218
bird,11,0.0218
energy,11,0.0218
edge,11,0.0218
century,11,0.0218
partially,11,0.0218
arranged,11,0.0218
blend,11,0.0218
based,11,0.0218
lady,11,0.0218
warmth,11,0.0218
neckline,11,0.0218
outfit,11,0.0218
engrossed,11,0.0218
larger,11,0.0218
dreamlike,11,0.0218
colorful,11,0.0218
graphic,11,0.0218
baroque,11,0.0218
beautiful,10,0.0198
nose,10,0.0198
indoor,10,0.0198
personal,10,0.0198
allows,10,0.0198
provides,10,0.0198
main,10,0.0198
fully,10,0.0198
tree,10,0.0198
oranges,10,0.0198
stand,10,0.0198
19th,10,0.0198
point,10,0.0198
him,10,0.0198
proportions,10,0.0198
beyond,10,0.0198
reclining,10,0.0198
boy,10,0.0198
mythology,10,0.0198
mythological,10,0.0198
john,10,0.0198
emphasize,10,0.0198
consists,10,0.0198
earthy,10,0.0198
legs,10,0.0198
uses,10,0.0198
bed,10,0.0198
look,10,0.0198
wide,10,0.0198
information,10,0.0198
together,10,0.0198
performance,10,0.0198
sits,10,0.0198
softly,10,0.0198
covered,10,0.0198
day,10,0.0198
important,10,0.0198
shared,10,0.0198
fuji,10,0.0198
primarily,9,0.0178
clearly,9,0.0178
smooth,9,0.0178
multiple,9,0.0178
highlighting,9,0.0178
famous,9,0.0178
wooden,9,0.0178
complements,9,0.0178
reality,9,0.0178
love,9,0.0178
couch,9,0.0178
present,9,0.0178
balanced,9,0.0178
world,9,0.0178
elegantly,9,0.0178
items,9,0.0178
using,9,0.0178
portrayed,9,0.0178
curtains,9,0.0178
focal,9,0.0178
portrayal,9,0.0178
tone,9,0.0178
harmonious,9,0.0178
cloth,9,0.0178
specifically,9,0.0178
choice,9,0.0178
reading,9,0.0178
environment,9,0.0178
connection,9,0.0178
uccello,9,0.0178
description,9,0.0178
brown,9,0.0178
base,9,0.0178
ornate,9,0.0178
place,9,0.0178
harmony,9,0.0178
scattered,9,0.0178
primitivism,9,0.0178
blouse,9,0.0178
balance,9,0.0178
squares,9,0.0178
neoclassical,9,0.0178
history,9,0.0178
do,9,0.0178
mount,9,0.0178
gauguin,9,0.0178
physical,8,0.0159
modigliani,8,0.0159
eye,8,0.0159
cool,8,0.0159
rural,8,0.0159
smaller,8,0.0159
plant,8,0.0159
meticulous,8,0.0159
stark,8,0.0159
plate,8,0.0159
prints,8,0.0159
techniques,8,0.0159
katsushika,8,0.0159
attributed,8,0.0159
shore,8,0.0159
activities,8,0.0159
reflection,8,0.0159
renowned,8,0.0159
role,8,0.0159
canvas,8,0.0159
hallmark,8,0.0159
were,8,0.0159
elaborate,8,0.0159
designs,8,0.0159
engagement,8,0.0159
importance,8,0.0159
presumably,8,0.0159
although,8,0.0159
object,8,0.0159
lips,8,0.0159
raised,8,0.0159
shoulder,8,0.0159
hallmarks,8,0.0159
short,8,0.0159
crossed,8,0.0159
buildings,8,0.0159
updo,8,0.0159
vertical,8,0.0159
playing,8,0.0159
guitar,8,0.0159
draws,8,0.0159
headdress,8,0.0159
20th,8,0.0159
gazing,8,0.0159
own,8,0.0159
paolo,8,0.0159
typically,8,0.0159
note,8,0.0159
ethereal,8,0.0159
social,8,0.0159
adult,8,0.0159
any,8,0.0159
naturalistic,8,0.0159
rendering,8,0.0159
group,8,0.0159
coastal,8,0.0159
mid,8,0.0159
daily,8,0.0159
sandy,8,0.0159
brush,8,0.0159
apples,8,0.0159
park,8,0.0159
glass,8,0.0159
french,8,0.0159
plants,8,0.0159
door,8,0.0159
comfortably,8,0.0159
windows,8,0.0159
interpretation,8,0.0159
distance,8,0.0159
inviting,8,0.0159
exaggerated,8,0.0159
singer,8,0.0159
dancer,8,0.0159
fauvism,8,0.0159
queen,8,0.0159
sargent,8,0.0159
american,8,0.0159
mountain,8,0.0159
romantic,8,0.0159
fan,7,0.0139
key,7,0.0139
invites,7,0.0139
state,7,0.0139
dynamism,7,0.0139
range,7,0.0139
pale,7,0.0139
whites,7,0.0139
experience,7,0.0139
however,7,0.0139
arrangement,7,0.0139
distinctly,7,0.0139
surfaces,7,0.0139
presented,7,0.0139
shoreline,7,0.0139
floating,7,0.0139
skill,7,0.0139
air,7,0.0139
thought,7,0.0139
venus,7,0.0139
related,7,0.0139
example,7,0.0139
male,7,0.0139
christian,7,0.0139
jesus,7,0.0139
joseph,7,0.0139
hip,7,0.0139
significance,7,0.0139
intimacy,7,0.0139
streamlined,7,0.0139
indicates,7,0.0139
dominant,7,0.0139
thoughtful,7,0.0139
revealing,7,0.0139
neutral,7,0.0139
jacket,7,0.0139
beneath,7,0.0139
ruffled,7,0.0139
dream,7,0.0139
neck,7,0.0139
stage,7,0.0139
motif,7,0.0139
drawn,7,0.0139
characters,7,0.0139
ruffles,7,0.0139
maintaining,7,0.0139
identified,7,0.0139
textured,7,0.0139
dimension,7,0.0139
dragon,7,0.0139
sunlight,7,0.0139
sorolla,7,0.0139
spanish,7,0.0139
people,7,0.0139
qualities,7,0.0139
activity,7,0.0139
seem,7,0.0139
interaction,7,0.0139
patterned,7,0.0139
village,7,0.0139
depict,7,0.0139
seemingly,7,0.0139
surreal,7,0.0139
hue,7,0.0139
edgar,7,0.0139
dancers,7,0.0139
atmospheric,7,0.0139
motifs,7,0.0139
print,7,0.0139
bergman,7,0.0139
japan,7,0.0139
romanticism,7,0.0139
nouveau,6,0.0119
calmness,6,0.0119
curves,6,0.0119
pinks,6,0.0119
horizon,6,0.0119
composed,6,0.0119
precisionism,6,0.0119
later,6,0.0119
lifelike,6,0.0119
organic,6,0.0119
parts,6,0.0119
defined,6,0.0119
sharp,6,0.0119
series,6,0.0119
others,6,0.0119
plain,6,0.0119
roof,6,0.0119
chest,6,0.0119
symbolizing,6,0.0119
divine,6,0.0119
new,6,0.0119
broad,6,0.0119
fitting,6,0.0119
symbolize,6,0.0119
lively,6,0.0119
texts,6,0.0119
robe,6,0.0119
matches,6,0.0119
scheme,6,0.0119
sharply,6,0.0119
comfort,6,0.0119
ancient,6,0.0119
quarter,6,0.0119
drapes,6,0.0119
makeup,6,0.0119
trim,6,0.0119
accentuates,6,0.0119
saint,6,0.0119
artworks,6,0.0119
fashionable,6,0.0119
especially,6,0.0119
complete,6,0.0119
extended,6,0.0119
hinting,6,0.0119
beautifully,6,0.0119
type,6,0.0119
panels,6,0.0119
panel,6,0.0119
christ,6,0.0119
angel,6,0.0119
framed,6,0.0119
round,6,0.0119
purity,6,0.0119
careful,6,0.0119
explore,6,0.0119
statue,6,0.0119
leg,6,0.0119
grandeur,6,0.0119
accurately,6,0.0119
precise,6,0.0119
pearls,6,0.0119
joaquín,6,0.0119
enjoying,6,0.0119
girls,6,0.0119
sand,6,0.0119
leisurely,6,0.0119
ocean,6,0.0119
stillness,6,0.0119
obscured,6,0.0119
location,6,0.0119
clown,6,0.0119
harlequin,6,0.0119
costume,6,0.0119
mirror,6,0.0119
content,6,0.0119
rest,6,0.0119
accents,6,0.0119
road,6,0.0119
classic,6,0.0119
walls,6,0.0119
pastoral,6,0.0119
pictures,6,0.0119
story,6,0.0119
rhythm,6,0.0119
bridge,6,0.0119
resembles,6,0.0119
neoclassicism,6,0.0119
seascape,6,0.0119
rests,6,0.0119
tropical,6,0.0119
creation,6,0.0119
marine,6,0.0119
yourself,6,0.0119
diego,6,0.0119
palace,6,0.0119
regal,5,0.0099
making,5,0.0099
aspect,5,0.0099
name,5,0.0099
identity,5,0.0099
distract,5,0.0099
fascination,5,0.0099
structures,5,0.0099
belongs,5,0.0099
delicate,5,0.0099
precision,5,0.0099
pieces,5,0.0099
flying,5,0.0099
detract,5,0.0099
birds,5,0.0099
themselves,5,0.0099
lake,5,0.0099
centuries,5,0.0099
fishing,5,0.0099
mannerist,5,0.0099
extends,5,0.0099
highlight,5,0.0099
captivating,5,0.0099
roman,5,0.0099
luxurious,5,0.0099
include,5,0.0099
armor,5,0.0099
highly,5,0.0099
solemnity,5,0.0099
lying,5,0.0099
ambiance,5,0.0099
confirming,5,0.0099
lends,5,0.0099
audience,5,0.0099
forward,5,0.0099
middle,5,0.0099
summer,5,0.0099
compared,5,0.0099
shade,5,0.0099
authorship,5,0.0099
unmistakably,5,0.0099
i,5,0.0099
ease,5,0.0099
sails,5,0.0099
closely,5,0.0099
intense,5,0.0099
melancholic,5,0.0099
car,5,0.0099
poised,5,0.0099
aesthetics,5,0.0099
grays,5,0.0099
planes,5,0.0099
take,5,0.0099
engaging,5,0.0099
detailing,5,0.0099
softness,5,0.0099
past,5,0.0099
indoors,5,0.0099
glimpse,5,0.0099
divided,5,0.0099
sections,5,0.0099
single,5,0.0099
helps,5,0.0099
serenity,5,0.0099
dominic,5,0.0099
order,5,0.0099
symbol,5,0.0099
symbolic,5,0.0099
curtain,5,0.0099
serves,5,0.0099
knight,5,0.0099
though,5,0.0099
joy,5,0.0099
carefully,5,0.0099
embroidery,5,0.0099
cultural,5,0.0099
outdoors,5,0.0099
expanse,5,0.0099
dresses,5,0.0099
walking,5,0.0099
afternoon,5,0.0099
cooler,5,0.0099
event,5,0.0099
houses,5,0.0099
vegetation,5,0.0099
shirt,5,0.0099
define,5,0.0099
vegetables,5,0.0099
wood,5,0.0099
situated,5,0.0099
cubism,5,0.0099
sign,5,0.0099
script,5,0.0099
chairs,5,0.0099
size,5,0.0099
marc,5,0.0099
observing,5,0.0099
clock,5,0.0099
night,5,0.0099
town,5,0.0099
found,5,0.0099
impact,5,0.0099
perched,5,0.0099
saturated,5,0.0099
ballerina,5,0.0099
theater,5,0.0099
dance,5,0.0099
abstracted,5,0.0099
those,5,0.0099
spontaneity,5,0.0099
much,5,0.0099
flora,5,0.0099
mass,5,0.0099
ingrid,5,0.0099
velázquez,5,0.0099
power,5,0.0099
macbeth,5,0.0099
bond,5,0.0099
mastery,4,0.0079
cascades,4,0.0079
mouth,4,0.0079
horizontal,4,0.0079
o,4,0.0079
keeffe,4,0.0079
roofs,4,0.0079
surrealistic,4,0.0079
surrounded,4,0.0079
oeuvre,4,0.0079
inspired,4,0.0079
symmetrical,4,0.0079
angles,4,0.0079
bare,4,0.0079
childlike,4,0.0079
poses,4,0.0079
woodblock,4,0.0079
depictions,4,0.0079
17th,4,0.0079
thatched,4,0.0079
rustic,4,0.0079
beside,4,0.0079
slender,4,0.0079
mountains,4,0.0079
emphasized,4,0.0079
sculptural,4,0.0079
fabrics,4,0.0079
richly,4,0.0079
enhance,4,0.0079
skillful,4,0.0079
how,4,0.0079
beard,4,0.0079
direct,4,0.0079
observer,4,0.0079
demeanor,4,0.0079
infant,4,0.0079
son,4,0.0079
older,4,0.0079
scroll,4,0.0079
kind,4,0.0079
compositions,4,0.0079
companionship,4,0.0079
visually,4,0.0079
confident,4,0.0079
class,4,0.0079
suit,4,0.0079
society,4,0.0079
fluidity,4,0.0079
browns,4,0.0079
care,4,0.0079
angle,4,0.0079
mystery,4,0.0079
idealized,4,0.0079
evidenced,4,0.0079
hairstyle,4,0.0079
pronounced,4,0.0079
complement,4,0.0079
headscarf,4,0.0079
angular,4,0.0079
fur,4,0.0079
evening,4,0.0079
casually,4,0.0079
necklace,4,0.0079
portrayals,4,0.0079
principles,4,0.0079
nun,4,0.0079
only,4,0.0079
curved,4,0.0079
item,4,0.0079
vibrancy,4,0.0079
grapes,4,0.0079
held,4,0.0079
roses,4,0.0079
blurred,4,0.0079
cross,4,0.0079
hope,4,0.0079
meticulously,4,0.0079
halo,4,0.0079
source,4,0.0079
otherwise,4,0.0079
implies,4,0.0079
commonly,4,0.0079
so,4,0.0079
expressions,4,0.0079
somber,4,0.0079
covers,4,0.0079
simply,4,0.0079
doorway,4,0.0079
column,4,0.0079
rocky,4,0.0079
vast,4,0.0079
lapping,4,0.0079
sailboat,4,0.0079
times,4,0.0079
sun,4,0.0079
leisure,4,0.0079
onto,4,0.0079
solitude,4,0.0079
bathers,4,0.0079
among,4,0.0079
liquid,4,0.0079
varied,4,0.0079
harmoniously,4,0.0079
ripe,4,0.0079
inside,4,0.0079
paint,4,0.0079
brim,4,0.0079
subtly,4,0.0079
interest,4,0.0079
bodies,4,0.0079
displayed,4,0.0079
furniture,4,0.0079
blending,4,0.0079
hanging,4,0.0079
application,4,0.0079
symbolism,4,0.0079
freedom,4,0.0079
fantastical,4,0.0079
difficult,4,0.0079
floor,4,0.0079
vision,4,0.0079
lack,4,0.0079
imply,4,0.0079
terms,4,0.0079
actual,4,0.0079
variety,4,0.0079
1,4,0.0079
fish,4,0.0079
3,4,0.0079
reflect,4,0.0079
halves,4,0.0079
distraction,4,0.0079
minimal,4,0.0079
sketchy,4,0.0079
individuals,4,0.0079
drama,4,0.0079
lives,4,0.0079
after,4,0.0079
rectangles,4,0.0079
blocks,4,0.0079
representational,4,0.0079
showing,4,0.0079
waist,4,0.0079
years,4,0.0079
bow,4,0.0079
backrest,4,0.0079
someone,4,0.0079
old,4,0.0079
armchair,4,0.0079
france,4,0.0079
identifying,4,0.0079
centrally,4,0.0079
original,4,0.0079
spontaneous,4,0.0079
automatic,4,0.0079
subconscious,4,0.0079
cutouts,4,0.0079
amidst,4,0.0079
creatures,4,0.0079
below,4,0.0079
illustration,4,0.0079
employed,4,0.0079
commercial,4,0.0079
consumer,4,0.0079
repetition,4,0.0079
elizabeth,4,0.0079
recognizable,4,0.0079
frog,4,0.0079
herself,4,0.0079
fair,4,0.0079
closed,4,0.0079
truck,4,0.0079
velazquez,4,0.0079
active,4,0.0079
moments,4,0.0079
faces,4,0.0079
ellen,4,0.0079
terry,4,0.0079
printmaker,4,0.0079
idyllic,4,0.0079
western,4,0.0079
cat,4,0.0079
wave,4,0.0079
volkswagen,4,0.0079
circles,4,0.0079
fritza,3,0.0059
flows,3,0.0059
bodice,3,0.0059
dots,3,0.0059
refinement,3,0.0059
testament,3,0.0059
amedeo,3,0.0059
alice,3,0.0059
figurative,3,0.0059
carries,3,0.0059
combined,3,0.0059
georgia,3,0.0059
align,3,0.0059
petals,3,0.0059
bloom,3,0.0059
gradient,3,0.0059
clarity,3,0.0059
hill,3,0.0059
terrain,3,0.0059
relatively,3,0.0059
tangerine,3,0.0059
cranes,3,0.0059
grey,3,0.0059
flourished,3,0.0059
meets,3,0.0059
silhouettes,3,0.0059
effective,3,0.0059
demonstrates,3,0.0059
seriousness,3,0.0059
skillfully,3,0.0059
cupid,3,0.0059
allegorical,3,0.0059
cherub,3,0.0059
baby,3,0.0059
association,3,0.0059
corners,3,0.0059
youthful,3,0.0059
luxury,3,0.0059
opulence,3,0.0059
prime,3,0.0059
sought,3,0.0059
tradition,3,0.0059
robes,3,0.0059
represents,3,0.0059
sleek,3,0.0059
pearl,3,0.0059
jewelry,3,0.0059
confidence,3,0.0059
allure,3,0.0059
tie,3,0.0059
members,3,0.0059
1920s,3,0.0059
1930s,3,0.0059
model,3,0.0059
la,3,0.0059
belle,3,0.0059
slight,3,0.0059
stripes,3,0.0059
trends,3,0.0059
complexion,3,0.0059
entirely,3,0.0059
characteristics,3,0.0059
brimmed,3,0.0059
feather,3,0.0059
celebration,3,0.0059
modern,3,0.0059
lipstick,3,0.0059
neatly,3,0.0059
appeal,3,0.0059
makes,3,0.0059
embracing,3,0.0059
dancing,3,0.0059
purples,3,0.0059
self,3,0.0059
vehicle,3,0.0059
dr,3,0.0059
boucard,3,0.0059
concentration,3,0.0059
winter,3,0.0059
leaning,3,0.0059
moody,3,0.0059
m,3,0.0059
turban,3,0.0059
remain,3,0.0059
city,3,0.0059
adam,3,0.0059
eve,3,0.0059
complexity,3,0.0059
nostalgia,3,0.0059
absorbed,3,0.0059
instrument,3,0.0059
act,3,0.0059
solemn,3,0.0059
dignity,3,0.0059
comes,3,0.0059
loosely,3,0.0059
conveyed,3,0.0059
displays,3,0.0059
taking,3,0.0059
immersed,3,0.0059
meant,3,0.0059
arches,3,0.0059
influenced,3,0.0059
please,3,0.0059
oil,3,0.0059
casting,3,0.0059
values,3,0.0059
medieval,3,0.0059
lily,3,0.0059
saints,3,0.0059
effectively,3,0.0059
make,3,0.0059
francis,3,0.0059
seeks,3,0.0059
describe,3,0.0059
images,3,0.0059
embroidered,3,0.0059
intended,3,0.0059
modeling,3,0.0059
blonde,3,0.0059
royal,3,0.0059
designed,3,0.0059
appearing,3,0.0059
preparing,3,0.0059
san,3,0.0059
alone,3,0.0059
resembling,3,0.0059
offering,3,0.0059
moored,3,0.0059
attending,3,0.0059
purposes,3,0.0059
contain,3,0.0059
casts,3,0.0059
valencia,3,0.0059
takes,3,0.0059
younger,3,0.0059
reads,3,0.0059
lens,3,0.0059
reflective,3,0.0059
dusk,3,0.0059
victorian,3,0.0059
complemented,3,0.0059
carrying,3,0.0059
considered,3,0.0059
changing,3,0.0059
oxen,3,0.0059
pears,3,0.0059
containing,3,0.0059
technical,3,0.0059
fluffy,3,0.0059
method,3,0.0059
referred,3,0.0059
challenges,3,0.0059
cluster,3,0.0059
bottle,3,0.0059
clowns,3,0.0059
identifiable,3,0.0059
textural,3,0.0059
peasant,3,0.0059
onions,3,0.0059
tomatoes,3,0.0059
grain,3,0.0059
made,3,0.0059
skull,3,0.0059
commonplace,3,0.0059
variations,3,0.0059
read,3,0.0059
written,3,0.0059
translates,3,0.0059
instead,3,0.0059
express,3,0.0059
rooster,3,0.0059
sort,3,0.0059
position,3,0.0059
gesture,3,0.0059
imagery,3,0.0059
burning,3,0.0059
animal,3,0.0059
cow,3,0.0059
emotions,3,0.0059
elderly,3,0.0059
portion,3,0.0059
lived,3,0.0059
wife,3,0.0059
biblical,3,0.0059
shepherd,3,0.0059
ox,3,0.0059
upright,3,0.0059
stars,3,0.0059
less,3,0.0059
2,3,0.0059
4,3,0.0059
task,3,0.0059
involves,3,0.0059
thread,3,0.0059
needle,3,0.0059
array,3,0.0059
echoing,3,0.0059
folk,3,0.0059
kahlo,3,0.0059
experiences,3,0.0059
parrot,3,0.0059
conventional,3,0.0059
watermelon,3,0.0059
closer,3,0.0059
wings,3,0.0059
affirming,3,0.0059
vitality,3,0.0059
performing,3,0.0059
performer,3,0.0059
theatrical,3,0.0059
grace,3,0.0059
tutu,3,0.0059
action,3,0.0059
dreamy,3,0.0059
portray,3,0.0059
aspects,3,0.0059
break,3,0.0059
ironing,3,0.0059
gray,3,0.0059
rhythmic,3,0.0059
neoplasticism,3,0.0059
non,3,0.0059
abstraction,3,0.0059
ears,3,0.0059
straight,3,0.0059
serious,3,0.0059
handling,3,0.0059
bears,3,0.0059
conveying,3,0.0059
jester,3,0.0059
accentuated,3,0.0059
did,3,0.0059
enough,3,0.0059
synthetic,3,0.0059
violin,3,0.0059
interpret,3,0.0059
four,3,0.0059
adherence,3,0.0059
reveals,3,0.0059
immediacy,3,0.0059
cultures,3,0.0059
river,3,0.0059
diffused,3,0.0059
atop,3,0.0059
donkey,3,0.0059
interpretations,3,0.0059
downwards,3,0.0059
geranium,3,0.0059
weather,3,0.0059
reinforcing,3,0.0059
digital,3,0.0059
dignified,3,0.0059
lemons,3,0.0059
silhouette,3,0.0059
ways,3,0.0059
seaweed,3,0.0059
blacks,3,0.0059
paper,3,0.0059
lute,3,0.0059
underwater,3,0.0059
poster,3,0.0059
reeds,3,0.0059
attempt,3,0.0059
manipulation,3,0.0059
illustrative,3,0.0059
meaning,3,0.0059
soup,3,0.0059
bottles,3,0.0059
case,3,0.0059
taylor,3,0.0059
celebrated,3,0.0059
media,3,0.0059
square,3,0.0059
royalty,3,0.0059
combines,3,0.0059
cape,3,0.0059
cod,3,0.0059
splashes,3,0.0059
edward,3,0.0059
authenticity,3,0.0059
introspective,3,0.0059
grand,3,0.0059
steps,3,0.0059
venice,3,0.0059
embodies,3,0.0059
little,3,0.0059
stevenson,3,0.0059
music,3,0.0059
elsie,3,0.0059
sewing,3,0.0059
affectionate,3,0.0059
interactions,3,0.0059
ducks,3,0.0059
affection,3,0.0059
francoise,3,0.0059
lightning,3,0.0059
path,3,0.0059
peak,3,0.0059
travelers,3,0.0059
edo,3,0.0059
swallow,3,0.0059
smoke,3,0.0059
eruption,3,0.0059
vincent,3,0.0059
thick,3,0.0059
ram,3,0.0059
academicism,3,0.0059
cloisonnism,3,0.0059
psyche,3,0.0059
pan,3,0.0059
minnelli,3,0.0059
klimt,2,0.004
throne,2,0.004
contrasted,2,0.004
palm,2,0.004
flair,2,0.004
craft,2,0.004
delve,2,0.004
thin,2,0.004
clasped,2,0.004
contemplate,2,0.004
emotionally,2,0.004
ends,2,0.004
barns,2,0.004
leaf,2,0.004
petal,2,0.004
dominance,2,0.004
definition,2,0.004
expected,2,0.004
types,2,0.004
hibiscus,2,0.004
plumeria,2,0.004
displaying,2,0.004
layers,2,0.004
dead,2,0.004
pinkish,2,0.004
autumn,2,0.004
branches,2,0.004
toned,2,0.004
border,2,0.004
drawings,2,0.004
crane,2,0.004
postures,2,0.004
monochromatic,2,0.004
suwa,2,0.004
shinano,2,0.004
province,2,0.004
access,2,0.004
sunrise,2,0.004
sunset,2,0.004
headpiece,2,0.004
discerned,2,0.004
mannerism,2,0.004
bronzino,2,0.004
italian,2,0.004
goddess,2,0.004
accompanying,2,0.004
anatomical,2,0.004
involving,2,0.004
creativity,2,0.004
portraying,2,0.004
narratives,2,0.004
warrior,2,0.004
nobleman,2,0.004
breastplate,2,0.004
craftsmanship,2,0.004
mustache,2,0.004
tilted,2,0.004
columns,2,0.004
match,2,0.004
holy,2,0.004
anne,2,0.004
baptist,2,0.004
drape,2,0.004
mirrors,2,0.004
tool,2,0.004
reverence,2,0.004
companion,2,0.004
contour,2,0.004
oriented,2,0.004
cheekbones,2,0.004
prince,2,0.004
eristoff,2,0.004
polish,2,0.004
pulling,2,0.004
illusion,2,0.004
sheer,2,0.004
knees,2,0.004
ahead,2,0.004
cityscape,2,0.004
lamp,2,0.004
creator,2,0.004
scarf,2,0.004
layered,2,0.004
seductive,2,0.004
aligning,2,0.004
embodying,2,0.004
freshness,2,0.004
sofa,2,0.004
bob,2,0.004
nurturing,2,0.004
keeps,2,0.004
nautical,2,0.004
forehead,2,0.004
parted,2,0.004
step,2,0.004
wavy,2,0.004
gloves,2,0.004
featured,2,0.004
wheel,2,0.004
vintage,2,0.004
bugatti,2,0.004
my,2,0.004
ski,2,0.004
brings,2,0.004
madame,2,0.004
swirls,2,0.004
contemporary,2,0.004
conversation,2,0.004
angled,2,0.004
earrings,2,0.004
formally,2,0.004
mandolin,2,0.004
sheets,2,0.004
knee,2,0.004
falling,2,0.004
graceful,2,0.004
stems,2,0.004
counter,2,0.004
gift,2,0.004
wrapped,2,0.004
box,2,0.004
timeless,2,0.004
morisot,2,0.004
immediate,2,0.004
streaming,2,0.004
sister,2,0.004
possibility,2,0.004
literature,2,0.004
crucifixion,2,0.004
feet,2,0.004
angelic,2,0.004
accompanied,2,0.004
iconography,2,0.004
gilded,2,0.004
backgrounds,2,0.004
accurate,2,0.004
seeing,2,0.004
prayer,2,0.004
spiritual,2,0.004
entire,2,0.004
strength,2,0.004
ascribed,2,0.004
curly,2,0.004
coming,2,0.004
cheek,2,0.004
wealth,2,0.004
spirit,2,0.004
representations,2,0.004
devotion,2,0.004
attributes,2,0.004
anatomy,2,0.004
had,2,0.004
equestrian,2,0.004
monument,2,0.004
horseback,2,0.004
battle,2,0.004
inscribed,2,0.004
monuments,2,0.004
celebrating,2,0.004
actions,2,0.004
confirm,2,0.004
centered,2,0.004
madonna,2,0.004
cradles,2,0.004
golden,2,0.004
judging,2,0.004
low,2,0.004
ready,2,0.004
combat,2,0.004
watches,2,0.004
umbrella,2,0.004
return,2,0.004
livestock,2,0.004
sunny,2,0.004
humans,2,0.004
running,2,0.004
following,2,0.004
illuminating,2,0.004
morning,2,0.004
eastern,2,0.004
coast,2,0.004
epoque,2,0.004
shallow,2,0.004
flesh,2,0.004
y,2,0.004
wet,2,0.004
rolling,2,0.004
pool,2,0.004
archway,2,0.004
entrance,2,0.004
hall,2,0.004
stone,2,0.004
illumination,2,0.004
dawn,2,0.004
strolling,2,0.004
parasol,2,0.004
walk,2,0.004
even,2,0.004
sailboats,2,0.004
tide,2,0.004
catch,2,0.004
softer,2,0.004
beached,2,0.004
bustling,2,0.004
too,2,0.004
cart,2,0.004
expansive,2,0.004
sensory,2,0.004
beachside,2,0.004
brighter,2,0.004
sit,2,0.004
vibrantly,2,0.004
illuminate,2,0.004
compotier,2,0.004
describes,2,0.004
facade,2,0.004
nestled,2,0.004
sturdy,2,0.004
verdant,2,0.004
olive,2,0.004
production,2,0.004
dense,2,0.004
punctuated,2,0.004
solidity,2,0.004
milk,2,0.004
pitcher,2,0.004
lid,2,0.004
wallpaper,2,0.004
ordinary,2,0.004
diamond,2,0.004
cheerful,2,0.004
actively,2,0.004
greenhouse,2,0.004
mature,2,0.004
indistinct,2,0.004
tableware,2,0.004
nuance,2,0.004
gathered,2,0.004
forested,2,0.004
upwards,2,0.004
division,2,0.004
touches,2,0.004
structural,2,0.004
volumes,2,0.004
cottage,2,0.004
shuttered,2,0.004
hillside,2,0.004
liozna,2,0.004
levels,2,0.004
signs,2,0.004
language,2,0.004
russian,2,0.004
pediatrician,2,0.004
legible,2,0.004
tall,2,0.004
cabinet,2,0.004
suggestion,2,0.004
t,2,0.004
aim,2,0.004
interacting,2,0.004
fire,2,0.004
charm,2,0.004
board,2,0.004
existence,2,0.004
metaphor,2,0.004
barber,2,0.004
shop,2,0.004
waiting,2,0.004
aims,2,0.004
familiar,2,0.004
same,2,0.004
marking,2,0.004
dial,2,0.004
move,2,0.004
show,2,0.004
decorated,2,0.004
keeping,2,0.004
directness,2,0.004
whimsy,2,0.004
imagined,2,0.004
riding,2,0.004
apple,2,0.004
explicitly,2,0.004
potiphar,2,0.004
textiles,2,0.004
bedroom,2,0.004
guide,2,0.004
goat,2,0.004
calmly,2,0.004
direction,2,0.004
dotted,2,0.004
flayed,2,0.004
reveal,2,0.004
celestial,2,0.004
horsewoman,2,0.004
authority,2,0.004
heritage,2,0.004
flight,2,0.004
aquatic,2,0.004
inspiration,2,0.004
clocks,2,0.004
notes,2,0.004
yarn,2,0.004
working,2,0.004
textile,2,0.004
storytelling,2,0.004
frida,2,0.004
lemon,2,0.004
watermelons,2,0.004
split,2,0.004
unpolished,2,0.004
primitivist,2,0.004
cursive,2,0.004
evocative,2,0.004
never,2,0.004
completed,2,0.004
semiramis,2,0.004
babylon,2,0.004
majestic,2,0.004
unfinished,2,0.004
caught,2,0.004
gracefully,2,0.004
places,2,0.004
star,2,0.004
troupe,2,0.004
prominence,2,0.004
recognition,2,0.004
performances,2,0.004
watching,2,0.004
artistry,2,0.004
dressing,2,0.004
immediately,2,0.004
before,2,0.004
process,2,0.004
lifestyle,2,0.004
having,2,0.004
spans,2,0.004
mondrian,2,0.004
achieve,2,0.004
big,2,0.004
plume,2,0.004
spots,2,0.004
fingers,2,0.004
subjective,2,0.004
periods,2,0.004
date,2,0.004
21,2,0.004
essential,2,0.004
mostly,2,0.004
playfulness,2,0.004
diverse,2,0.004
food,2,0.004
catalan,2,0.004
detracting,2,0.004
intersect,2,0.004
fragmented,2,0.004
then,2,0.004
overlapping,2,0.004
involved,2,0.004
perspectives,2,0.004
initials,2,0.004
word,2,0.004
orientation,2,0.004
lithograph,2,0.004
cradling,2,0.004
lies,2,0.004
familial,2,0.004
reaching,2,0.004
extending,2,0.004
pointed,2,0.004
rock,2,0.004
better,2,0.004
frames,2,0.004
harness,2,0.004
curiosity,2,0.004
earlier,2,0.004
upholstery,2,0.004
innovative,2,0.004
plush,2,0.004
headgear,2,0.004
pot,2,0.004
teapot,2,0.004
resemble,2,0.004
collioure,2,0.004
fauvist,2,0.004
conditions,2,0.004
himself,2,0.004
our,2,0.004
sideboard,2,0.004
cup,2,0.004
dominate,2,0.004
perceptions,2,0.004
shaped,2,0.004
chin,2,0.004
thoughtfully,2,0.004
feeling,2,0.004
comfortable,2,0.004
panes,2,0.004
layer,2,0.004
draughtsmanship,2,0.004
romanian,2,0.004
puffy,2,0.004
lozenge,2,0.004
retained,2,0.004
saxifrages,2,0.004
reproduction,2,0.004
evokes,2,0.004
mix,2,0.004
lagoon,2,0.004
photo,2,0.004
section,2,0.004
polynesia,2,0.004
predominant,2,0.004
idea,2,0.004
vastness,2,0.004
bather,2,0.004
grass,2,0.004
reflected,2,0.004
promotional,2,0.004
appreciate,2,0.004
iv,2,0.004
exploration,2,0.004
bananas,2,0.004
distant,2,0.004
symbols,2,0.004
label,2,0.004
brand,2,0.004
coke,2,0.004
coca,2,0.004
cola,2,0.004
font,2,0.004
altered,2,0.004
lacks,2,0.004
indicate,2,0.004
vividly,2,0.004
public,2,0.004
persona,2,0.004
mimic,2,0.004
marilyn,2,0.004
ii,2,0.004
celebrities,2,0.004
actress,2,0.004
actor,2,0.004
bunny,2,0.004
beatrix,2,0.004
netherlands,2,0.004
crown,2,0.004
trailer,2,0.004
discern,2,0.004
margrethe,2,0.004
bull,2,0.004
implied,2,0.004
ranking,2,0.004
similarly,2,0.004
hunting,2,0.004
dog,2,0.004
estate,2,0.004
stag,2,0.004
frequently,2,0.004
explored,2,0.004
rokeby,2,0.004
formality,2,0.004
rainstorm,2,0.004
mist,2,0.004
recently,2,0.004
hopper,2,0.004
carry,2,0.004
weathered,2,0.004
imagine,2,0.004
porch,2,0.004
carpet,2,0.004
dresser,2,0.004
william,2,0.004
shakespeare,2,0.004
nuances,2,0.004
powerful,2,0.004
maintain,2,0.004
daffodils,2,0.004
edited,2,0.004
artificial,2,0.004
watercolor,2,0.004
influences,2,0.004
scale,2,0.004
employing,2,0.004
ponte,2,0.004
giuseppe,2,0.004
waterway,2,0.004
grayscale,2,0.004
occasion,2,0.004
development,2,0.004
minute,2,0.004
playful,2,0.004
mrs,2,0.004
attentively,2,0.004
illuminates,2,0.004
deeply,2,0.004
grassy,2,0.004
shadowing,2,0.004
encapsulates,2,0.004
boating,2,0.004
party,2,0.004
donned,2,0.004
filtering,2,0.004
japonisme,2,0.004
feeding,2,0.004
ann,2,0.004
sucking,2,0.004
barefoot,2,0.004
worn,2,0.004
called,2,0.004
sketch,2,0.004
lightness,2,0.004
peace,2,0.004
refers,2,0.004
bath,2,0.004
thoughtfulness,2,0.004
summit,2,0.004
fill,2,0.004
tokaido,2,0.004
journey,2,0.004
hydrangea,2,0.004
hydrangeas,2,0.004
poetry,2,0.004
ash,2,0.004
volcanic,2,0.004
rossetti,2,0.004
siddal,2,0.004
postman,2,0.004
roulin,2,0.004
sunflowers,2,0.004
japonism,2,0.004
hallway,2,0.004
arched,2,0.004
doorways,2,0.004
volcano,2,0.004
jane,2,0.004
fonda,2,0.004
peeled,2,0.004
relaxation,2,0.004
applied,2,0.004
gradation,2,0.004
exotic,2,0.004
gardens,2,0.004
greek,2,0.004
medium,2,0.004
shalott,2,0.004
waterhouse,2,0.004
putz,2,0.004
leo,2,0.004
concentric,2,0.004
riedler,1,0.002
austrian,1,0.002
symbolist,1,0.002
gustav,1,0.002
compelling,1,0.002
nightgown,1,0.002
remains,1,0.002
resonant,1,0.002
modernist,1,0.002
exemplifies,1,0.002
lifelong,1,0.002
stripe,1,0.002
barn,1,0.002
gables,1,0.002
field,1,0.002
mechanical,1,0.002
classification,1,0.002
dominates,1,0.002
brownish,1,0.002
edges,1,0.002
hard,1,0.002
should,1,0.002
noted,1,0.002
traditionally,1,0.002
trumpet,1,0.002
stamens,1,0.002
forming,1,0.002
corona,1,0.002
pistil,1,0.002
overpowering,1,0.002
desert,1,0.002
extend,1,0.002
outwards,1,0.002
directions,1,0.002
robust,1,0.002
except,1,0.002
quick,1,0.002
lessons,1,0.002
landing,1,0.002
utilizing,1,0.002
歌川豊国画,1,0.002
trunks,1,0.002
sparse,1,0.002
land,1,0.002
bark,1,0.002
furrowed,1,0.002
brow,1,0.002
sternness,1,0.002
allegory,1,0.002
agnolo,1,0.002
winged,1,0.002
spreading,1,0.002
arrows,1,0.002
mortal,1,0.002
accuracy,1,0.002
noticeable,1,0.002
goddesses,1,0.002
able,1,0.002
combine,1,0.002
emerged,1,0.002
innovation,1,0.002
mild,1,0.002
included,1,0.002
grandiose,1,0.002
settings,1,0.002
gravity,1,0.002
wild,1,0.002
sometimes,1,0.002
lamb,1,0.002
none,1,0.002
looms,1,0.002
commanding,1,0.002
transition,1,0.002
lending,1,0.002
friends,1,0.002
sitter,1,0.002
posing,1,0.002
tde,1,0.002
clasps,1,0.002
nudes,1,0.002
balcony,1,0.002
railing,1,0.002
straps,1,0.002
cardigan,1,0.002
shrug,1,0.002
urban,1,0.002
rafaela,1,0.002
decadence,1,0.002
ladies,1,0.002
sleeveless,1,0.002
summertime,1,0.002
befitting,1,0.002
maternity,1,0.002
chaise,1,0.002
lounge,1,0.002
slicked,1,0.002
swathed,1,0.002
formed,1,0.002
build,1,0.002
limbs,1,0.002
dove,1,0.002
cannot,1,0.002
highlighted,1,0.002
grounded,1,0.002
contouring,1,0.002
egyptian,1,0.002
profiles,1,0.002
ornamentation,1,0.002
second,1,0.002
jawline,1,0.002
avian,1,0.002
bit,1,0.002
steering,1,0.002
dashboard,1,0.002
pen,1,0.002
pencil,1,0.002
writing,1,0.002
sideburns,1,0.002
hood,1,0.002
pole,1,0.002
alpine,1,0.002
skiing,1,0.002
snowy,1,0.002
moritz,1,0.002
swiss,1,0.002
resort,1,0.002
sports,1,0.002
łempicka,1,0.002
gown,1,0.002
hence,1,0.002
camera,1,0.002
stole,1,0.002
phone,1,0.002
telephone,1,0.002
receiver,1,0.002
ear,1,0.002
pillow,1,0.002
corsage,1,0.002
skyscrapers,1,0.002
pierre,1,0.002
montaut,1,0.002
glasses,1,0.002
professionally,1,0.002
celebrates,1,0.002
technology,1,0.002
restrained,1,0.002
intrigue,1,0.002
pleated,1,0.002
bring,1,0.002
flatness,1,0.002
outdated,1,0.002
intentional,1,0.002
machinery,1,0.002
good,1,0.002
speed,1,0.002
technological,1,0.002
progress,1,0.002
catholic,1,0.002
superior,1,0.002
habit,1,0.002
wimple,1,0.002
scapular,1,0.002
community,1,0.002
calla,1,0.002
lilies,1,0.002
package,1,0.002
sophisticated,1,0.002
specified,1,0.002
stringed,1,0.002
torso,1,0.002
spherical,1,0.002
glossy,1,0.002
pamphlet,1,0.002
offers,1,0.002
residential,1,0.002
berthe,1,0.002
porcelain,1,0.002
polyptych,1,0.002
magdalene,1,0.002
angels,1,0.002
again,1,0.002
scrollwork,1,0.002
gothic,1,0.002
scripture,1,0.002
passion,1,0.002
gold,1,0.002
underlay,1,0.002
limitations,1,0.002
humanistic,1,0.002
otherworldly,1,0.002
downcast,1,0.002
encircles,1,0.002
realm,1,0.002
nobility,1,0.002
roundel,1,0.002
darkness,1,0.002
founder,1,0.002
dominican,1,0.002
linear,1,0.002
humble,1,0.002
chastity,1,0.002
virtues,1,0.002
signify,1,0.002
messiah,1,0.002
denotes,1,0.002
holiness,1,0.002
divinity,1,0.002
arch,1,0.002
rays,1,0.002
emanating,1,0.002
distractions,1,0.002
inspire,1,0.002
humility,1,0.002
detachment,1,0.002
material,1,0.002
teachings,1,0.002
gesturing,1,0.002
speaking,1,0.002
innovations,1,0.002
began,1,0.002
scientifically,1,0.002
previously,1,0.002
prevalent,1,0.002
mounted,1,0.002
helmet,1,0.002
guards,1,0.002
prepared,1,0.002
commemorating,1,0.002
martial,1,0.002
prowess,1,0.002
memorialized,1,0.002
columnar,1,0.002
pilasters,1,0.002
fresco,1,0.002
majesty,1,0.002
crucified,1,0.002
suffering,1,0.002
acceptance,1,0.002
resignation,1,0.002
mourners,1,0.002
apostles,1,0.002
weeping,1,0.002
grief,1,0.002
possible,1,0.002
me,1,0.002
whether,1,0.002
cap,1,0.002
worked,1,0.002
virgin,1,0.002
heaven,1,0.002
spatial,1,0.002
serving,1,0.002
encased,1,0.002
triptych,1,0.002
diptych,1,0.002
rosary,1,0.002
planning,1,0.002
beads,1,0.002
showcase,1,0.002
headwear,1,0.002
aristocratic,1,0.002
legend,1,0.002
george,1,0.002
attacking,1,0.002
attack,1,0.002
sword,1,0.002
princess,1,0.002
worried,1,0.002
unfolding,1,0.002
witnessed,1,0.002
caused,1,0.002
concern,1,0.002
cloudy,1,0.002
tension,1,0.002
sebastián,1,0.002
located,1,0.002
pergola,1,0.002
overcast,1,0.002
hazy,1,0.002
phenomena,1,0.002
multi,1,0.002
sailed,1,0.002
cast,1,0.002
cows,1,0.002
serve,1,0.002
pastureland,1,0.002
inscriptions,1,0.002
execution,1,0.002
coastline,1,0.002
joyously,1,0.002
suitable,1,0.002
daytime,1,0.002
ripples,1,0.002
followed,1,0.002
approaching,1,0.002
glow,1,0.002
spain,1,0.002
pursuits,1,0.002
wading,1,0.002
float,1,0.002
change,1,0.002
j,1,0.002
bastida,1,0.002
washing,1,0.002
alhambra,1,0.002
granada,1,0.002
gate,1,0.002
ambassadors,1,0.002
mentioned,1,0.002
constructed,1,0.002
lantern,1,0.002
fixtures,1,0.002
historically,1,0.002
interspersed,1,0.002
diffuse,1,0.002
higher,1,0.002
ball,1,0.002
shields,1,0.002
glare,1,0.002
casual,1,0.002
simpler,1,0.002
parasols,1,0.002
protecting,1,0.002
seeking,1,0.002
overhead,1,0.002
shimmering,1,0.002
etiquette,1,0.002
today,1,0.002
reflections,1,0.002
flow,1,0.002
abandoned,1,0.002
temporarily,1,0.002
wait,1,0.002
resonates,1,0.002
populated,1,0.002
catching,1,0.002
alive,1,0.002
solitary,1,0.002
comparison,1,0.002
oblivious,1,0.002
comings,1,0.002
goings,1,0.002
communal,1,0.002
preventing,1,0.002
becoming,1,0.002
washed,1,0.002
feels,1,0.002
overseeing,1,0.002
aiming,1,0.002
topography,1,0.002
evoking,1,0.002
timelessness,1,0.002
tableau,1,0.002
shelf,1,0.002
layering,1,0.002
backsides,1,0.002
interact,1,0.002
candidness,1,0.002
beverage,1,0.002
knife,1,0.002
freshly,1,0.002
sliced,1,0.002
filter,1,0.002
orchestrated,1,0.002
farmyard,1,0.002
quaint,1,0.002
deliberate,1,0.002
terracotta,1,0.002
provence,1,0.002
southern,1,0.002
region,1,0.002
agriculture,1,0.002
hills,1,0.002
creams,1,0.002
cezannesque,1,0.002
tubular,1,0.002
integrates,1,0.002
perception,1,0.002
stylistic,1,0.002
choices,1,0.002
handle,1,0.002
spout,1,0.002
handles,1,0.002
creases,1,0.002
peaches,1,0.002
wine,1,0.002
incorporate,1,0.002
mardi,1,0.002
gras,1,0.002
costumes,1,0.002
pierrot,1,0.002
bag,1,0.002
purse,1,0.002
mask,1,0.002
hips,1,0.002
coat,1,0.002
tight,1,0.002
breeches,1,0.002
stockings,1,0.002
platform,1,0.002
pensive,1,0.002
brimming,1,0.002
exhibiting,1,0.002
varying,1,0.002
complementing,1,0.002
hangs,1,0.002
edwardian,1,0.002
stream,1,0.002
classified,1,0.002
tulips,1,0.002
framework,1,0.002
gradations,1,0.002
smock,1,0.002
moustache,1,0.002
juxtaposed,1,0.002
bunch,1,0.002
papery,1,0.002
skins,1,0.002
condiment,1,0.002
transparency,1,0.002
pass,1,0.002
rigorous,1,0.002
geometry,1,0.002
inanimate,1,0.002
striped,1,0.002
mainly,1,0.002
organizing,1,0.002
predates,1,0.002
formalization,1,0.002
countryside,1,0.002
incorporates,1,0.002
unlike,1,0.002
retains,1,0.002
residence,1,0.002
dormer,1,0.002
shutters,1,0.002
roofline,1,0.002
businesses,1,0.002
operating,1,0.002
cyrillic,1,0.002
slavic,1,0.002
tongue,1,0.002
alphabet,1,0.002
это,1,0.002
педиатра,1,0.002
english,1,0.002
office,1,0.002
resolution,1,0.002
conversing,1,0.002
observe,1,0.002
curvy,1,0.002
hutch,1,0.002
drawers,1,0.002
shelves,1,0.002
compartments,1,0.002
closest,1,0.002
rosy,1,0.002
doesn,1,0.002
whimsical,1,0.002
anthropomorphic,1,0.002
hammer,1,0.002
outstretched,1,0.002
ladder,1,0.002
exact,1,0.002
intentions,1,0.002
heavy,1,0.002
fantasy,1,0.002
flames,1,0.002
engulfing,1,0.002
heart,1,0.002
home,1,0.002
safe,1,0.002
disbelief,1,0.002
eagle,1,0.002
escape,1,0.002
guardian,1,0.002
mythical,1,0.002
creature,1,0.002
grazing,1,0.002
peacefully,1,0.002
chaos,1,0.002
sustenance,1,0.002
earthly,1,0.002
confines,1,0.002
ideas,1,0.002
lost,1,0.002
societal,1,0.002
upheaval,1,0.002
uncle,1,0.002
zusman,1,0.002
occupies,1,0.002
haircut,1,0.002
decor,1,0.002
furnishings,1,0.002
wardrobe,1,0.002
hats,1,0.002
belongings,1,0.002
rug,1,0.002
pendulum,1,0.002
numerals,1,0.002
hours,1,0.002
perimeter,1,0.002
seconds,1,0.002
objective,1,0.002
decorations,1,0.002
temptation,1,0.002
guiding,1,0.002
reins,1,0.002
skyline,1,0.002
airy,1,0.002
genesis,1,0.002
modesty,1,0.002
academic,1,0.002
events,1,0.002
crook,1,0.002
shepherds,1,0.002
herd,1,0.002
animals,1,0.002
headband,1,0.002
bushes,1,0.002
removed,1,0.002
muscle,1,0.002
tissue,1,0.002
hind,1,0.002
snow,1,0.002
european,1,0.002
native,1,0.002
russia,1,0.002
surrealism,1,0.002
know,1,0.002
pansies,1,0.002
tail,1,0.002
ostrich,1,0.002
clergyman,1,0.002
spirituality,1,0.002
starry,1,0.002
moon,1,0.002
signifying,1,0.002
musical,1,0.002
passage,1,0.002
recurring,1,0.002
implying,1,0.002
living,1,0.002
doña,1,0.002
rosita,1,0.002
morillo,1,0.002
crafts,1,0.002
cacti,1,0.002
external,1,0.002
worth,1,0.002
noting,1,0.002
mexican,1,0.002
proportion,1,0.002
tabletop,1,0.002
juicy,1,0.002
seeds,1,0.002
peel,1,0.002
addition,1,0.002
plumage,1,0.002
reinforces,1,0.002
slices,1,0.002
naive,1,0.002
viva,1,0.002
vida,1,0.002
separate,1,0.002
ruffle,1,0.002
riverbank,1,0.002
inclusion,1,0.002
stride,1,0.002
realized,1,0.002
passionately,1,0.002
singing,1,0.002
microphone,1,0.002
aria,1,0.002
vocal,1,0.002
solo,1,0.002
overly,1,0.002
performers,1,0.002
continues,1,0.002
midst,1,0.002
pirouette,1,0.002
skirt,1,0.002
principal,1,0.002
award,1,0.002
excellence,1,0.002
athletic,1,0.002
stages,1,0.002
rehearsals,1,0.002
combination,1,0.002
observation,1,0.002
inherent,1,0.002
finer,1,0.002
studio,1,0.002
fall,1,0.002
insight,1,0.002
courtyard,1,0.002
pressing,1,0.002
modest,1,0.002
chose,1,0.002
speaks,1,0.002
combed,1,0.002
grooming,1,0.002
preparation,1,0.002
combing,1,0.002
private,1,0.002
candid,1,0.002
arrange,1,0.002
intersection,1,0.002
reductionist,1,0.002
piet,1,0.002
rectilinear,1,0.002
rectangle,1,0.002
reducing,1,0.002
basic,1,0.002
rectangular,1,0.002
consisting,1,0.002
axes,1,0.002
ix,1,0.002
exploring,1,0.002
schemes,1,0.002
format,1,0.002
entertainers,1,0.002
acrobats,1,0.002
circuses,1,0.002
multicolored,1,0.002
patches,1,0.002
patchwork,1,0.002
quilt,1,0.002
positioning,1,0.002
shawl,1,0.002
unconventional,1,0.002
hairline,1,0.002
experimenting,1,0.002
broke,1,0.002
fevr,1,0.002
56,1,0.002
february,1,0.002
1956,1,0.002
distill,1,0.002
components,1,0.002
thighs,1,0.002
attributing,1,0.002
documentation,1,0.002
speculative,1,0.002
loaf,1,0.002
bread,1,0.002
chores,1,0.002
putting,1,0.002
embellishment,1,0.002
harsh,1,0.002
quietness,1,0.002
overlap,1,0.002
reassembled,1,0.002
strings,1,0.002
complex,1,0.002
combining,1,0.002
sources,1,0.002
defining,1,0.002
sa,1,0.002
phrase,1,0.002
encouraged,1,0.002
literal,1,0.002
reclined,1,0.002
olga,1,0.002
ledge,1,0.002
versatility,1,0.002
movements,1,0.002
proficient,1,0.002
unselfconscious,1,0.002
therefore,1,0.002
seashore,1,0.002
supine,1,0.002
pair,1,0.002
shorts,1,0.002
stretching,1,0.002
few,1,0.002
bringing,1,0.002
securely,1,0.002
embrace,1,0.002
tenderness,1,0.002
victory,1,0.002
trying,1,0.002
competition,1,0.002
camaraderie,1,0.002
contrapposto,1,0.002
revolutionary,1,0.002
provoking,1,0.002
paying,1,0.002
homage,1,0.002
produce,1,0.002
lovers,1,0.002
described,1,0.002
rooted,1,0.002
romance,1,0.002
neoclassic,1,0.002
orderliness,1,0.002
structured,1,0.002
led,1,0.002
ride,1,0.002
corresponds,1,0.002
ten,1,0.002
paulo,1,0.002
autograph,1,0.002
oval,1,0.002
surrealist,1,0.002
eyelashes,1,0.002
pursed,1,0.002
labeled,1,0.002
diagonally,1,0.002
strands,1,0.002
scenario,1,0.002
attribution,1,0.002
proponent,1,0.002
disconnected,1,0.002
first,1,0.002
glance,1,0.002
explores,1,0.002
views,1,0.002
simultaneously,1,0.002
resonance,1,0.002
defy,1,0.002
d,1,0.002
tiers,1,0.002
p,1,0.002
correspond,1,0.002
experimented,1,0.002
solely,1,0.002
housed,1,0.002
empty,1,0.002
figurines,1,0.002
sculptures,1,0.002
frequented,1,0.002
vases,1,0.002
potted,1,0.002
aware,1,0.002
fluffs,1,0.002
distribution,1,0.002
earring,1,0.002
resorting,1,0.002
cozy,1,0.002
cushions,1,0.002
lit,1,0.002
daylight,1,0.002
liveliness,1,0.002
mantlepiece,1,0.002
richness,1,0.002
photograph,1,0.002
romania,1,0.002
ochre,1,0.002
peach,1,0.002
tablecloth,1,0.002
destiny,1,0.002
energetic,1,0.002
depending,1,0.002
assemble,1,0.002
control,1,0.002
environments,1,0.002
ecosystems,1,0.002
analysis,1,0.002
irregular,1,0.002
exhibits,1,0.002
dining,1,0.002
toboggan,1,0.002
pages,1,0.002
band,1,0.002
page,1,0.002
cover,1,0.002
f,1,0.002
framing,1,0.002
simplify,1,0.002
statements,1,0.002
asia,1,0.002
cutlery,1,0.002
fills,1,0.002
mer,1,0.002
sizes,1,0.002
swim,1,0.002
coral,1,0.002
developed,1,0.002
oceanic,1,0.002
suggestive,1,0.002
mysterious,1,0.002
transform,1,0.002
exhibition,1,0.002
surround,1,0.002
thigh,1,0.002
touching,1,0.002
negative,1,0.002
exhibit,1,0.002
nu,1,0.002
bleu,1,0.002
1952,1,0.002
career,1,0.002
stool,1,0.002
reduction,1,0.002
influential,1,0.002
retaining,1,0.002
gestural,1,0.002
practices,1,0.002
peppers,1,0.002
relation,1,0.002
aesthetically,1,0.002
pleasing,1,0.002
isolate,1,0.002
integrated,1,0.002
customize,1,0.002
docks,1,0.002
boathouse,1,0.002
beachfront,1,0.002
property,1,0.002
invitation,1,0.002
repetitive,1,0.002
produced,1,0.002
masts,1,0.002
conceptual,1,0.002
penchant,1,0.002
engages,1,0.002
participate,1,0.002
campbell,1,0.002
condensed,1,0.002
beef,1,0.002
noodle,1,0.002
product,1,0.002
capitalized,1,0.002
letters,1,0.002
handwritten,1,0.002
number,1,0.002
19,1,0.002
dollar,1,0.002
price,1,0.002
sale,1,0.002
value,1,0.002
products,1,0.002
cans,1,0.002
decades,1,0.002
labels,1,0.002
logo,1,0.002
authentic,1,0.002
educational,1,0.002
greenish,1,0.002
cartoon,1,0.002
gradients,1,0.002
eyed,1,0.002
eyeliner,1,0.002
stylization,1,0.002
coloration,1,0.002
glamorous,1,0.002
instantly,1,0.002
transformed,1,0.002
statement,1,0.002
relies,1,0.002
monroe,1,0.002
cinema,1,0.002
pine,1,0.002
barren,1,0.002
294,1,0.002
endangered,1,0.002
species,1,0.002
suite,1,0.002
screen,1,0.002
separating,1,0.002
easily,1,0.002
dual,1,0.002
plays,1,0.002
consumerism,1,0.002
comment,1,0.002
celebrity,1,0.002
eyebrows,1,0.002
bunnies,1,0.002
respectively,1,0.002
contains,1,0.002
playboy,1,0.002
heads,1,0.002
reigning,1,0.002
queens,1,0.002
icons,1,0.002
cab,1,0.002
simplistic,1,0.002
row,1,0.002
passenger,1,0.002
tour,1,0.002
bus,1,0.002
yellowish,1,0.002
announcement,1,0.002
transportation,1,0.002
vehicles,1,0.002
denmark,1,0.002
tiara,1,0.002
mark,1,0.002
definitively,1,0.002
incorporating,1,0.002
indian,1,0.002
stern,1,0.002
treated,1,0.002
real,1,0.002
cuffs,1,0.002
wealthy,1,0.002
dona,1,0.002
antonia,1,0.002
ipenarrieta,1,0.002
galdos,1,0.002
covering,1,0.002
mourning,1,0.002
commissioned,1,0.002
stature,1,0.002
military,1,0.002
gun,1,0.002
pointing,1,0.002
loyal,1,0.002
attentive,1,0.002
remarkable,1,0.002
talent,1,0.002
ruff,1,0.002
embellishments,1,0.002
isabel,1,0.002
isabella,1,0.002
imparts,1,0.002
aimed,1,0.002
personality,1,0.002
antlers,1,0.002
deer,1,0.002
wispy,1,0.002
lifted,1,0.002
mane,1,0.002
blowing,1,0.002
wind,1,0.002
saddle,1,0.002
horses,1,0.002
charged,1,0.002
naked,1,0.002
admiring,1,0.002
ribbon,1,0.002
fancy,1,0.002
allusions,1,0.002
sensual,1,0.002
collection,1,0.002
national,1,0.002
gallery,1,0.002
london,1,0.002
category,1,0.002
lean,1,0.002
days,1,0.002
faded,1,0.002
age,1,0.002
weathering,1,0.002
lawn,1,0.002
fog,1,0.002
rained,1,0.002
wetness,1,0.002
hear,1,0.002
raindrops,1,0.002
puddles,1,0.002
mixed,1,0.002
stories,1,0.002
hold,1,0.002
sounds,1,0.002
smells,1,0.002
rain,1,0.002
re,1,0.002
fashioned,1,0.002
silhouetted,1,0.002
streetlamp,1,0.002
suburb,1,0.002
transitioning,1,0.002
relying,1,0.002
snapshot,1,0.002
exterior,1,0.002
find,1,0.002
longing,1,0.002
rooms,1,0.002
coexistence,1,0.002
ambition,1,0.002
defines,1,0.002
costumed,1,0.002
elaborately,1,0.002
eyeshadow,1,0.002
roles,1,0.002
priestley,1,0.002
curls,1,0.002
noteworthy,1,0.002
lamplight,1,0.002
skilled,1,0.002
kept,1,0.002
minimum,1,0.002
composite,1,0.002
credited,1,0.002
unnatural,1,0.002
inconsistent,1,0.002
standards,1,0.002
collage,1,0.002
resemblance,1,0.002
expect,1,0.002
fails,1,0.002
applies,1,0.002
foundation,1,0.002
support,1,0.002
shaded,1,0.002
capitals,1,0.002
palaces,1,0.002
previous,1,0.002
skewed,1,0.002
venetian,1,0.002
di,1,0.002
castello,1,0.002
majestically,1,0.002
waters,1,0.002
canal,1,0.002
runs,1,0.002
represented,1,0.002
balconies,1,0.002
reminding,1,0.002
successfully,1,0.002
completely,1,0.002
picture,1,0.002
accented,1,0.002
embroidering,1,0.002
cushioned,1,0.002
distinguishing,1,0.002
marks,1,0.002
company,1,0.002
nighttime,1,0.002
fanning,1,0.002
oneself,1,0.002
moses,1,0.002
dreyfus,1,0.002
played,1,0.002
ankles,1,0.002
required,1,0.002
accessory,1,0.002
opera,1,0.002
patrons,1,0.002
boxes,1,0.002
employs,1,0.002
notable,1,0.002
sheen,1,0.002
mores,1,0.002
naturalness,1,0.002
classes,1,0.002
youth,1,0.002
daydreaming,1,0.002
crocheting,1,0.002
knitting,1,0.002
hook,1,0.002
bonnet,1,0.002
spring,1,0.002
heartwarming,1,0.002
grandchildren,1,0.002
generations,1,0.002
impressionists,1,0.002
blooming,1,0.002
nearby,1,0.002
precisely,1,0.002
homes,1,0.002
susan,1,0.002
toque,1,0.002
aging,1,0.002
bucket,1,0.002
spade,1,0.002
sandcastles,1,0.002
toys,1,0.002
idly,1,0.002
playmate,1,0.002
wear,1,0.002
sisters,1,0.002
doll,1,0.002
splash,1,0.002
picking,1,0.002
relationship,1,0.002
charming,1,0.002
bygone,1,0.002
cutting,1,0.002
vessel,1,0.002
adjacent,1,0.002
paired,1,0.002
matching,1,0.002
nice,1,0.002
third,1,0.002
delightful,1,0.002
cleverly,1,0.002
pastimes,1,0.002
desk,1,0.002
apparent,1,0.002
filters,1,0.002
waterfowl,1,0.002
midground,1,0.002
auburn,1,0.002
voluminous,1,0.002
blanket,1,0.002
slumber,1,0.002
sleeping,1,0.002
positions,1,0.002
caregiving,1,0.002
meal,1,0.002
breakfast,1,0.002
brought,1,0.002
finger,1,0.002
embraced,1,0.002
bouncing,1,0.002
bounced,1,0.002
pattycake,1,0.002
carved,1,0.002
comforting,1,0.002
admiration,1,0.002
smile,1,0.002
pride,1,0.002
leans,1,0.002
curious,1,0.002
effortless,1,0.002
unforced,1,0.002
alfred,1,0.002
lavergne,1,0.002
born,1,0.002
magdalena,1,0.002
mellon,1,0.002
collared,1,0.002
will,1,0.002
puzzled,1,0.002
teaching,1,0.002
garments,1,0.002
valued,1,0.002
allow,1,0.002
poignant,1,0.002
profound,1,0.002
families,1,0.002
blush,1,0.002
cheeks,1,0.002
blur,1,0.002
predominance,1,0.002
harmonize,1,0.002
misnomer,1,0.002
daughter,1,0.002
peacefulness,1,0.002
proper,1,0.002
challenging,1,0.002
isn,1,0.002
illuminated,1,0.002
frilled,1,0.002
trimmings,1,0.002
special,1,0.002
trimmed,1,0.002
preparatory,1,0.002
boasts,1,0.002
draw,1,0.002
chalk,1,0.002
charles,1,0.002
dikran,1,0.002
kelekian,1,0.002
circle,1,0.002
acquaintances,1,0.002
softened,1,0.002
pet,1,0.002
upon,1,0.002
unusual,1,0.002
asymmetrical,1,0.002
dreamscape,1,0.002
interpreting,1,0.002
storm,1,0.002
occurring,1,0.002
tumultuous,1,0.002
landmark,1,0.002
great,1,0.002
kanagawa,1,0.002
crest,1,0.002
curling,1,0.002
vessels,1,0.002
stability,1,0.002
chaotic,1,0.002
variation,1,0.002
hodogaya,1,0.002
journeying,1,0.002
travel,1,0.002
bundles,1,0.002
packages,1,0.002
arriving,1,0.002
highway,1,0.002
connecting,1,0.002
tokyo,1,0.002
kyoto,1,0.002
scenic,1,0.002
primary,1,0.002
route,1,0.002
merchants,1,0.002
shrine,1,0.002
occasional,1,0.002
blobs,1,0.002
landed,1,0.002
ink,1,0.002
printed,1,0.002
viewed,1,0.002
ornaments,1,0.002
kimono,1,0.002
embellished,1,0.002
goes,1,0.002
seal,1,0.002
identifies,1,0.002
volcanoes,1,0.002
erupting,1,0.002
billowing,1,0.002
witnessing,1,0.002
spectacle,1,0.002
escaping,1,0.002
poetic,1,0.002
personifies,1,0.002
graces,1,0.002
beige,1,0.002
effort,1,0.002
likeness,1,0.002
sensitive,1,0.002
pre,1,0.002
raphaelite,1,0.002
reddish,1,0.002
manuscript,1,0.002
overgrown,1,0.002
candle,1,0.002
arles,1,0.002
south,1,0.002
lifeglow,1,0.002
blooms,1,0.002
langlois,1,0.002
docked,1,0.002
width,1,0.002
railings,1,0.002
pedestrians,1,0.002
openness,1,0.002
counterpoint,1,0.002
paris,1,0.002
bored,1,0.002
sailor,1,0.002
bedding,1,0.002
flanked,1,0.002
upholstered,1,0.002
bathed,1,0.002
hospital,1,0.002
letting,1,0.002
end,1,0.002
glimpsed,1,0.002
doors,1,0.002
documents,1,0.002
institutional,1,0.002
staircase,1,0.002
woven,1,0.002
seat,1,0.002
complementary,1,0.002
disrepair,1,0.002
strikingly,1,0.002
horns,1,0.002
imposing,1,0.002
stained,1,0.002
aggressive,1,0.002
associations,1,0.002
rams,1,0.002
juxtaposition,1,0.002
irony,1,0.002
surprise,1,0.002
actaea,1,0.002
nymph,1,0.002
dolphins,1,0.002
vesuvius,1,0.002
naples,1,0.002
italy,1,0.002
transitions,1,0.002
warmer,1,0.002
help,1,0.002
shift,1,0.002
cats,1,0.002
shorthair,1,0.002
tabby,1,0.002
graphics,1,0.002
advertising,1,0.002
com,1,0.002
explained,1,0.002
your,1,0.002
acronym,1,0.002
abbreviation,1,0.002
beetle,1,0.002
rounded,1,0.002
compact,1,0.002
utilized,1,0.002
goods,1,0.002
stating,1,0.002
citrus,1,0.002
tangerines,1,0.002
dish,1,0.002
intact,1,0.002
segments,1,0.002
decoration,1,0.002
bent,1,0.002
elbow,1,0.002
waterfall,1,0.002
subtropical,1,0.002
separation,1,0.002
exposed,1,0.002
asleep,1,0.002
sensuality,1,0.002
tahitian,1,0.002
otherworldliness,1,0.002
modernistic,1,0.002
deceased,1,0.002
loved,1,0.002
ancestor,1,0.002
always,1,0.002
regions,1,0.002
tahiti,1,0.002
annah,1,0.002
javanese,1,0.002
monkey,1,0.002
foot,1,0.002
cloisonnist,1,0.002
dirt,1,0.002
towering,1,0.002
rise,1,0.002
island,1,0.002
stretched,1,0.002
exhaustion,1,0.002
king,1,0.002
indicators,1,0.002
muse,1,0.002
cherubs,1,0.002
putti,1,0.002
response,1,0.002
wonder,1,0.002
sublime,1,0.002
luxembourg,1,0.002
lion,1,0.002
pedestal,1,0.002
paths,1,0.002
leighton,1,0.002
frederic,1,0.002
demonstrating,1,0.002
faticida,1,0.002
drew,1,0.002
refer,1,0.002
concept,1,0.002
understand,1,0.002
intent,1,0.002
annunciation,1,0.002
surprised,1,0.002
paid,1,0.002
appropriate,1,0.002
cushion,1,0.002
floats,1,0.002
flowering,1,0.002
bush,1,0.002
blossoming,1,0.002
breeze,1,0.002
sadness,1,0.002
individualism,1,0.002
fiammetta,1,0.002
dante,1,0.002
gabriel,1,0.002
exquisite,1,0.002
adorning,1,0.002
crouched,1,0.002
furry,1,0.002
god,1,0.002
sexuality,1,0.002
wilderness,1,0.002
burne,1,0.002
jones,1,0.002
marble,1,0.002
lightly,1,0.002
symphony,1,0.002
cara,1,0.002
sophia,1,0.002
köhler,1,0.002
née,1,0.002
goldammer,1,0.002
handbag,1,0.002
anticipation,1,0.002
braids,1,0.002
halbindianerin,1,0.002
mit,1,0.002
früchten,1,0.002
liza,1,0.002
painterly,1,0.002
train,1,0.002
cream,1,0.002
wassily,1,0.002
kandinsky,1,0.002
share,1,0.002
vary,1,0.002
because,1,0.002
random,1,0.002
